SET SQL_MODE = "NO_AUTO_VALUE_ON_ZERO";
SET AUTOCOMMIT = 0;
START TRANSACTION;
SET time_zone = "+00:00";

-- --------------------------------------------------------

--
-- Table structure for table `addon_account`
--

CREATE TABLE `addon_account` (
  `name` varchar(60) NOT NULL,
  `label` varchar(100) NOT NULL,
  `shared` int(11) NOT NULL
) ENGINE=InnoDB DEFAULT CHARSET=utf8mb4;

--
-- Dumping data for table `addon_account`
--

INSERT INTO `addon_account` (`name`, `label`, `shared`) VALUES
('bank_savings', 'Bank Savings', 0),
('caution', 'caution', 0),
('property_black_money', 'Money Sale Property', 0),
('society_ambulance', 'Ambulance', 1),
('society_banker', 'Bank', 1),
('society_mechanic', 'Mechanic', 1),
('society_police', 'Police', 1),
('society_realestateagent', 'Real Estate Company', 1),
('society_taxi', 'Taxi', 1);

-- --------------------------------------------------------

--
-- Table structure for table `addon_account_data`
--

CREATE TABLE `addon_account_data` (
  `id` int(11) NOT NULL,
  `account_name` varchar(255) DEFAULT NULL,
  `money` int(11) NOT NULL,
  `owner` varchar(255) DEFAULT NULL
) ENGINE=InnoDB DEFAULT CHARSET=utf8mb4;

--
-- Dumping data for table `addon_account_data`
--

INSERT INTO `addon_account_data` (`id`, `account_name`, `money`, `owner`) VALUES
(2, 'society_ambulance', 0, NULL),
(3, 'society_banker', 0, NULL),
(4, 'society_mechanic', 300, NULL),
(5, 'society_police', 0, NULL),
(6, 'society_realestateagent', 0, NULL),
(7, 'society_taxi', 0, NULL),
(8, 'bank_savings', 0, 'bdcd7528449c06e7db0461c8e736b486783c9c45'),
(9, 'caution', 0, 'bdcd7528449c06e7db0461c8e736b486783c9c45'),
(10, 'property_black_money', 0, 'bdcd7528449c06e7db0461c8e736b486783c9c45');

-- --------------------------------------------------------

--
-- Table structure for table `addon_inventory`
--

CREATE TABLE `addon_inventory` (
  `name` varchar(60) NOT NULL,
  `label` varchar(100) NOT NULL,
  `shared` int(11) NOT NULL
) ENGINE=InnoDB DEFAULT CHARSET=utf8mb4;

--
-- Dumping data for table `addon_inventory`
--

INSERT INTO `addon_inventory` (`name`, `label`, `shared`) VALUES
('property', 'Property', 0),
('society_ambulance', 'Ambulance', 1),
('society_mechanic', 'Mechanic', 1),
('society_police', 'Police', 1),
('society_taxi', 'Taxi', 1);

-- --------------------------------------------------------

--
-- Table structure for table `addon_inventory_items`
--

CREATE TABLE `addon_inventory_items` (
  `id` int(11) NOT NULL,
  `inventory_name` varchar(100) NOT NULL,
  `name` varchar(100) NOT NULL,
  `count` int(11) NOT NULL,
  `owner` varchar(255) DEFAULT NULL
) ENGINE=InnoDB DEFAULT CHARSET=utf8mb4;

-- --------------------------------------------------------

--
-- Table structure for table `billing`
--

CREATE TABLE `billing` (
  `id` int(11) NOT NULL,
  `identifier` varchar(255) NOT NULL,
  `sender` varchar(40) NOT NULL,
  `target_type` varchar(50) NOT NULL,
  `target` varchar(40) NOT NULL,
  `label` varchar(255) NOT NULL,
  `amount` int(11) NOT NULL
) ENGINE=InnoDB DEFAULT CHARSET=utf8mb4;

-- --------------------------------------------------------

--
-- Table structure for table `datastore`
--

CREATE TABLE `datastore` (
  `name` varchar(60) NOT NULL,
  `label` varchar(100) NOT NULL,
  `shared` int(11) NOT NULL
) ENGINE=InnoDB DEFAULT CHARSET=utf8mb4;

--
-- Dumping data for table `datastore`
--

INSERT INTO `datastore` (`name`, `label`, `shared`) VALUES
('property', 'Property', 0),
('society_ambulance', 'Ambulance', 1),
('society_mechanic', 'Mechanic', 1),
('society_police', 'Police', 1),
('society_taxi', 'Taxi', 1),
('user_ears', 'Ears', 0),
('user_glasses', 'Glasses', 0),
('user_helmet', 'Helmet', 0),
('user_mask', 'Mask', 0);

-- --------------------------------------------------------

--
-- Table structure for table `datastore_data`
--

CREATE TABLE `datastore_data` (
  `id` int(11) NOT NULL,
  `name` varchar(255) NOT NULL,
  `owner` varchar(255) DEFAULT NULL,
  `data` longtext DEFAULT NULL
) ENGINE=InnoDB DEFAULT CHARSET=utf8mb4;

--
-- Dumping data for table `datastore_data`
--

INSERT INTO `datastore_data` (`id`, `name`, `owner`, `data`) VALUES
(1, 'society_ambulance', NULL, '{}'),
(2, 'society_mechanic', NULL, '{}'),
(3, 'society_police', NULL, '{}'),
(4, 'society_taxi', NULL, '{}'),
(5, 'property', 'bdcd7528449c06e7db0461c8e736b486783c9c45', '{}'),
(6, 'user_glasses', 'bdcd7528449c06e7db0461c8e736b486783c9c45', '{}'),
(7, 'user_helmet', 'bdcd7528449c06e7db0461c8e736b486783c9c45', '{}'),
(8, 'user_ears', 'bdcd7528449c06e7db0461c8e736b486783c9c45', '{}'),
(9, 'user_mask', 'bdcd7528449c06e7db0461c8e736b486783c9c45', '{}');

-- --------------------------------------------------------

--
-- Table structure for table `fine_types`
--

CREATE TABLE `fine_types` (
  `id` int(11) NOT NULL,
  `label` varchar(255) DEFAULT NULL,
  `amount` int(11) DEFAULT NULL,
  `category` int(11) DEFAULT NULL
) ENGINE=InnoDB DEFAULT CHARSET=utf8mb4;

--
-- Dumping data for table `fine_types`
--

INSERT INTO `fine_types` (`id`, `label`, `amount`, `category`) VALUES
(1, 'Misuse of a horn', 30, 0),
(2, 'Illegally Crossing a continuous Line', 40, 0),
(3, 'Driving on the wrong side of the road', 250, 0),
(4, 'Illegal U-Turn', 250, 0),
(5, 'Illegally Driving Off-road', 170, 0),
(6, 'Refusing a Lawful Command', 30, 0),
(7, 'Illegally Stopping a Vehicle', 150, 0),
(8, 'Illegal Parking', 70, 0),
(9, 'Failing to Yield to the right', 70, 0),
(10, 'Failure to comply with Vehicle Information', 90, 0),
(11, 'Failing to stop at a Stop Sign ', 105, 0),
(12, 'Failing to stop at a Red Light', 130, 0),
(13, 'Illegal Passing', 100, 0),
(14, 'Driving an illegal Vehicle', 100, 0),
(15, 'Driving without a License', 1500, 0),
(16, 'Hit and Run', 800, 0),
(17, 'Exceeding Speeds Over < 5 mph', 90, 0),
(18, 'Exceeding Speeds Over 5-15 mph', 120, 0),
(19, 'Exceeding Speeds Over 15-30 mph', 180, 0),
(20, 'Exceeding Speeds Over > 30 mph', 300, 0),
(21, 'Impeding traffic flow', 110, 1),
(22, 'Public Intoxication', 90, 1),
(23, 'Disorderly conduct', 90, 1),
(24, 'Obstruction of Justice', 130, 1),
(25, 'Insults towards Civilans', 75, 1),
(26, 'Disrespecting of an LEO', 110, 1),
(27, 'Verbal Threat towards a Civilan', 90, 1),
(28, 'Verbal Threat towards an LEO', 150, 1),
(29, 'Providing False Information', 250, 1),
(30, 'Attempt of Corruption', 1500, 1),
(31, 'Brandishing a weapon in city Limits', 120, 2),
(32, 'Brandishing a Lethal Weapon in city Limits', 300, 2),
(33, 'No Firearms License', 600, 2),
(34, 'Possession of an Illegal Weapon', 700, 2),
(35, 'Possession of Burglary Tools', 300, 2),
(36, 'Grand Theft Auto', 1800, 2),
(37, 'Intent to Sell/Distrube of an illegal Substance', 1500, 2),
(38, 'Frabrication of an Illegal Substance', 1500, 2),
(39, 'Possession of an Illegal Substance ', 650, 2),
(40, 'Kidnapping of a Civilan', 1500, 2),
(41, 'Kidnapping of an LEO', 2000, 2),
(42, 'Robbery', 650, 2),
(43, 'Armed Robbery of a Store', 650, 2),
(44, 'Armed Robbery of a Bank', 1500, 2),
(45, 'Assault on a Civilian', 2000, 3),
(46, 'Assault of an LEO', 2500, 3),
(47, 'Attempt of Murder of a Civilian', 3000, 3),
(48, 'Attempt of Murder of an LEO', 5000, 3),
(49, 'Murder of a Civilian', 10000, 3),
(50, 'Murder of an LEO', 30000, 3),
(51, 'Involuntary manslaughter', 1800, 3),
(52, 'Fraud', 2000, 2);

-- --------------------------------------------------------

--
-- Table structure for table `items`
--

CREATE TABLE `items` (
  `name` varchar(50) NOT NULL,
  `label` varchar(50) NOT NULL,
  `weight` int(11) NOT NULL DEFAULT 1,
  `rare` tinyint(4) NOT NULL DEFAULT 0,
  `can_remove` tinyint(4) NOT NULL DEFAULT 1
) ENGINE=InnoDB DEFAULT CHARSET=utf8mb4;

--
-- Dumping data for table `items`
--

INSERT INTO `items` (`name`, `label`, `weight`, `rare`, `can_remove`) VALUES
('alive_chicken', 'Living chicken', 1, 0, 1),
('bandage', 'Bandage', 2, 0, 1),
('beer', 'Beer', 1, 0, 1),
('blowpipe', 'Blowtorch', 2, 0, 1),
('bread', 'Bread', 1, 0, 1),
('cannabis', 'Cannabis', 3, 0, 1),
('carokit', 'Body Kit', 3, 0, 1),
('carotool', 'Tools', 2, 0, 1),
('clothe', 'Cloth', 1, 0, 1),
('copper', 'Copper', 1, 0, 1),
('cutted_wood', 'Cut wood', 1, 0, 1),
('diamond', 'Diamond', 1, 0, 1),
('essence', 'Gas', 1, 0, 1),
('fabric', 'Fabric', 1, 0, 1),
('fish', 'Fish', 1, 0, 1),
('fixkit', 'Repair Kit', 3, 0, 1),
('fixtool', 'Repair Tools', 2, 0, 1),
('gazbottle', 'Gas Bottle', 2, 0, 1),
('gold', 'Gold', 1, 0, 1),
('iron', 'Iron', 1, 0, 1),
('marijuana', 'Marijuana', 2, 0, 1),
('medikit', 'Medikit', 2, 0, 1),
('packaged_chicken', 'Chicken fillet', 1, 0, 1),
('packaged_plank', 'Packaged wood', 1, 0, 1),
('petrol', 'Oil', 1, 0, 1),
('petrol_raffin', 'Processed oil', 1, 0, 1),
('slaughtered_chicken', 'Slaughtered chicken', 1, 0, 1),
('stone', 'Stone', 1, 0, 1),
('washed_stone', 'Washed stone', 1, 0, 1),
('water', 'Water', 1, 0, 1),
('wood', 'Wood', 1, 0, 1),
('wool', 'Wool', 1, 0, 1);

-- --------------------------------------------------------

--
-- Table structure for table `jobs`
--

CREATE TABLE `jobs` (
  `name` varchar(50) NOT NULL,
  `label` varchar(50) DEFAULT NULL,
  `whitelisted` tinyint(1) NOT NULL DEFAULT 0
) ENGINE=InnoDB DEFAULT CHARSET=utf8mb4;

--
-- Dumping data for table `jobs`
--

INSERT INTO `jobs` (`name`, `label`, `whitelisted`) VALUES
('ambulance', 'Ambulance', 0),
('banker', 'Banker', 0),
('fisherman', 'Fisherman', 0),
('fueler', 'Fueler', 0),
('lumberjack', 'Lumberjack', 0),
('mechanic', 'Mechanic', 0),
('miner', 'Miner', 0),
('police', 'Police', 0),
('realestateagent', 'Realtor', 0),
('reporter', 'Reporter', 0),
('slaughterer', 'Butcher', 0),
('tailor', 'Tailor', 0),
('taxi', 'Taxi', 0),
('unemployed', 'Unemployed', 0);

-- --------------------------------------------------------

--
-- Table structure for table `job_grades`
--

CREATE TABLE `job_grades` (
  `id` int(11) NOT NULL,
  `job_name` varchar(50) DEFAULT NULL,
  `grade` int(11) NOT NULL,
  `name` varchar(50) NOT NULL,
  `label` varchar(50) NOT NULL,
  `salary` int(11) NOT NULL,
  `skin_male` longtext NOT NULL,
  `skin_female` longtext NOT NULL
) ENGINE=InnoDB DEFAULT CHARSET=utf8mb4;

--
-- Dumping data for table `job_grades`
--

INSERT INTO `job_grades` (`id`, `job_name`, `grade`, `name`, `label`, `salary`, `skin_male`, `skin_female`) VALUES
(1, 'unemployed', 0, 'unemployed', 'Unemployed', 200, '{}', '{}'),
(6, 'police', 0, 'recruit', 'Recruit', 20, '{}', '{}'),
(7, 'police', 1, 'officer', 'Officer', 40, '{}', '{}'),
(8, 'police', 2, 'sergeant', 'Sergeant', 60, '{}', '{}'),
(9, 'police', 3, 'lieutenant', 'Lieutenant', 85, '{}', '{}'),
(10, 'police', 4, 'boss', 'Chief', 100, '{}', '{}'),
(11, 'ambulance', 0, 'ambulance', 'Ambulancier', 20, '{\"tshirt_2\":0,\"hair_color_1\":5,\"glasses_2\":3,\"shoes\":9,\"torso_2\":3,\"hair_color_2\":0,\"pants_1\":24,\"glasses_1\":4,\"hair_1\":2,\"sex\":0,\"decals_2\":0,\"tshirt_1\":15,\"helmet_1\":8,\"helmet_2\":0,\"arms\":92,\"face\":19,\"decals_1\":60,\"torso_1\":13,\"hair_2\":0,\"skin\":34,\"pants_2\":5}', '{\"tshirt_2\":3,\"decals_2\":0,\"glasses\":0,\"hair_1\":2,\"torso_1\":73,\"shoes\":1,\"hair_color_2\":0,\"glasses_1\":19,\"skin\":13,\"face\":6,\"pants_2\":5,\"tshirt_1\":75,\"pants_1\":37,\"helmet_1\":57,\"torso_2\":0,\"arms\":14,\"sex\":1,\"glasses_2\":0,\"decals_1\":0,\"hair_2\":0,\"helmet_2\":0,\"hair_color_1\":0}'),
(12, 'ambulance', 1, 'doctor', 'Medecin', 40, '{\"tshirt_2\":0,\"hair_color_1\":5,\"glasses_2\":3,\"shoes\":9,\"torso_2\":3,\"hair_color_2\":0,\"pants_1\":24,\"glasses_1\":4,\"hair_1\":2,\"sex\":0,\"decals_2\":0,\"tshirt_1\":15,\"helmet_1\":8,\"helmet_2\":0,\"arms\":92,\"face\":19,\"decals_1\":60,\"torso_1\":13,\"hair_2\":0,\"skin\":34,\"pants_2\":5}', '{\"tshirt_2\":3,\"decals_2\":0,\"glasses\":0,\"hair_1\":2,\"torso_1\":73,\"shoes\":1,\"hair_color_2\":0,\"glasses_1\":19,\"skin\":13,\"face\":6,\"pants_2\":5,\"tshirt_1\":75,\"pants_1\":37,\"helmet_1\":57,\"torso_2\":0,\"arms\":14,\"sex\":1,\"glasses_2\":0,\"decals_1\":0,\"hair_2\":0,\"helmet_2\":0,\"hair_color_1\":0}'),
(13, 'ambulance', 2, 'chief_doctor', 'Medecin-chef', 60, '{\"tshirt_2\":0,\"hair_color_1\":5,\"glasses_2\":3,\"shoes\":9,\"torso_2\":3,\"hair_color_2\":0,\"pants_1\":24,\"glasses_1\":4,\"hair_1\":2,\"sex\":0,\"decals_2\":0,\"tshirt_1\":15,\"helmet_1\":8,\"helmet_2\":0,\"arms\":92,\"face\":19,\"decals_1\":60,\"torso_1\":13,\"hair_2\":0,\"skin\":34,\"pants_2\":5}', '{\"tshirt_2\":3,\"decals_2\":0,\"glasses\":0,\"hair_1\":2,\"torso_1\":73,\"shoes\":1,\"hair_color_2\":0,\"glasses_1\":19,\"skin\":13,\"face\":6,\"pants_2\":5,\"tshirt_1\":75,\"pants_1\":37,\"helmet_1\":57,\"torso_2\":0,\"arms\":14,\"sex\":1,\"glasses_2\":0,\"decals_1\":0,\"hair_2\":0,\"helmet_2\":0,\"hair_color_1\":0}'),
(14, 'ambulance', 3, 'boss', 'Chirurgien', 80, '{\"tshirt_2\":0,\"hair_color_1\":5,\"glasses_2\":3,\"shoes\":9,\"torso_2\":3,\"hair_color_2\":0,\"pants_1\":24,\"glasses_1\":4,\"hair_1\":2,\"sex\":0,\"decals_2\":0,\"tshirt_1\":15,\"helmet_1\":8,\"helmet_2\":0,\"arms\":92,\"face\":19,\"decals_1\":60,\"torso_1\":13,\"hair_2\":0,\"skin\":34,\"pants_2\":5}', '{\"tshirt_2\":3,\"decals_2\":0,\"glasses\":0,\"hair_1\":2,\"torso_1\":73,\"shoes\":1,\"hair_color_2\":0,\"glasses_1\":19,\"skin\":13,\"face\":6,\"pants_2\":5,\"tshirt_1\":75,\"pants_1\":37,\"helmet_1\":57,\"torso_2\":0,\"arms\":14,\"sex\":1,\"glasses_2\":0,\"decals_1\":0,\"hair_2\":0,\"helmet_2\":0,\"hair_color_1\":0}'),
(15, 'banker', 0, 'advisor', 'Advisor', 10, '{}', '{}'),
(16, 'banker', 1, 'banker', 'Banker', 20, '{}', '{}'),
(17, 'banker', 2, 'business_banker', 'Business Banker', 30, '{}', '{}'),
(18, 'banker', 3, 'trader', 'Trader', 40, '{}', '{}'),
(19, 'banker', 4, 'boss', 'Lead Banker', 0, '{}', '{}'),
(20, 'realestateagent', 0, 'location', 'Renting Agent', 10, '{}', '{}'),
(21, 'realestateagent', 1, 'vendeur', 'Agent', 25, '{}', '{}'),
(22, 'realestateagent', 2, 'gestion', 'Management', 40, '{}', '{}'),
(23, 'realestateagent', 3, 'boss', 'Broker', 0, '{}', '{}'),
(24, 'mechanic', 0, 'recrue', 'Recruit', 12, '{}', '{}'),
(25, 'mechanic', 1, 'novice', 'Novice', 24, '{}', '{}'),
(26, 'mechanic', 2, 'experimente', 'Experienced', 36, '{}', '{}'),
(27, 'mechanic', 3, 'chief', 'Leader', 48, '{}', '{}'),
(28, 'mechanic', 4, 'boss', 'Boss', 0, '{}', '{}'),
(29, 'lumberjack', 0, 'employee', 'Employee', 0, '{}', '{}'),
(30, 'fisherman', 0, 'employee', 'Employee', 0, '{}', '{}'),
(31, 'fueler', 0, 'employee', 'Employee', 0, '{}', '{}'),
(32, 'reporter', 0, 'employee', 'Employee', 0, '{}', '{}'),
(33, 'tailor', 0, 'employee', 'Employee', 0, '{\"mask_1\":0,\"arms\":1,\"glasses_1\":0,\"hair_color_2\":4,\"makeup_1\":0,\"face\":19,\"glasses\":0,\"mask_2\":0,\"makeup_3\":0,\"skin\":29,\"helmet_2\":0,\"lipstick_4\":0,\"sex\":0,\"torso_1\":24,\"makeup_2\":0,\"bags_2\":0,\"chain_2\":0,\"ears_1\":-1,\"bags_1\":0,\"bproof_1\":0,\"shoes_2\":0,\"lipstick_2\":0,\"chain_1\":0,\"tshirt_1\":0,\"eyebrows_3\":0,\"pants_2\":0,\"beard_4\":0,\"torso_2\":0,\"beard_2\":6,\"ears_2\":0,\"hair_2\":0,\"shoes_1\":36,\"tshirt_2\":0,\"beard_3\":0,\"hair_1\":2,\"hair_color_1\":0,\"pants_1\":48,\"helmet_1\":-1,\"bproof_2\":0,\"eyebrows_4\":0,\"eyebrows_2\":0,\"decals_1\":0,\"age_2\":0,\"beard_1\":5,\"shoes\":10,\"lipstick_1\":0,\"eyebrows_1\":0,\"glasses_2\":0,\"makeup_4\":0,\"decals_2\":0,\"lipstick_3\":0,\"age_1\":0}', '{\"mask_1\":0,\"arms\":5,\"glasses_1\":5,\"hair_color_2\":4,\"makeup_1\":0,\"face\":19,\"glasses\":0,\"mask_2\":0,\"makeup_3\":0,\"skin\":29,\"helmet_2\":0,\"lipstick_4\":0,\"sex\":1,\"torso_1\":52,\"makeup_2\":0,\"bags_2\":0,\"chain_2\":0,\"ears_1\":-1,\"bags_1\":0,\"bproof_1\":0,\"shoes_2\":1,\"lipstick_2\":0,\"chain_1\":0,\"tshirt_1\":23,\"eyebrows_3\":0,\"pants_2\":0,\"beard_4\":0,\"torso_2\":0,\"beard_2\":6,\"ears_2\":0,\"hair_2\":0,\"shoes_1\":42,\"tshirt_2\":4,\"beard_3\":0,\"hair_1\":2,\"hair_color_1\":0,\"pants_1\":36,\"helmet_1\":-1,\"bproof_2\":0,\"eyebrows_4\":0,\"eyebrows_2\":0,\"decals_1\":0,\"age_2\":0,\"beard_1\":5,\"shoes\":10,\"lipstick_1\":0,\"eyebrows_1\":0,\"glasses_2\":0,\"makeup_4\":0,\"decals_2\":0,\"lipstick_3\":0,\"age_1\":0}'),
(34, 'miner', 0, 'employee', 'Employee', 0, '{\"tshirt_2\":1,\"ears_1\":8,\"glasses_1\":15,\"torso_2\":0,\"ears_2\":2,\"glasses_2\":3,\"shoes_2\":1,\"pants_1\":75,\"shoes_1\":51,\"bags_1\":0,\"helmet_2\":0,\"pants_2\":7,\"torso_1\":71,\"tshirt_1\":59,\"arms\":2,\"bags_2\":0,\"helmet_1\":0}', '{}'),
(35, 'slaughterer', 0, 'employee', 'Employee', 0, '{\"age_1\":0,\"glasses_2\":0,\"beard_1\":5,\"decals_2\":0,\"beard_4\":0,\"shoes_2\":0,\"tshirt_2\":0,\"lipstick_2\":0,\"hair_2\":0,\"arms\":67,\"pants_1\":36,\"skin\":29,\"eyebrows_2\":0,\"shoes\":10,\"helmet_1\":-1,\"lipstick_1\":0,\"helmet_2\":0,\"hair_color_1\":0,\"glasses\":0,\"makeup_4\":0,\"makeup_1\":0,\"hair_1\":2,\"bproof_1\":0,\"bags_1\":0,\"mask_1\":0,\"lipstick_3\":0,\"chain_1\":0,\"eyebrows_4\":0,\"sex\":0,\"torso_1\":56,\"beard_2\":6,\"shoes_1\":12,\"decals_1\":0,\"face\":19,\"lipstick_4\":0,\"tshirt_1\":15,\"mask_2\":0,\"age_2\":0,\"eyebrows_3\":0,\"chain_2\":0,\"glasses_1\":0,\"ears_1\":-1,\"bags_2\":0,\"ears_2\":0,\"torso_2\":0,\"bproof_2\":0,\"makeup_2\":0,\"eyebrows_1\":0,\"makeup_3\":0,\"pants_2\":0,\"beard_3\":0,\"hair_color_2\":4}', '{\"age_1\":0,\"glasses_2\":0,\"beard_1\":5,\"decals_2\":0,\"beard_4\":0,\"shoes_2\":0,\"tshirt_2\":0,\"lipstick_2\":0,\"hair_2\":0,\"arms\":72,\"pants_1\":45,\"skin\":29,\"eyebrows_2\":0,\"shoes\":10,\"helmet_1\":-1,\"lipstick_1\":0,\"helmet_2\":0,\"hair_color_1\":0,\"glasses\":0,\"makeup_4\":0,\"makeup_1\":0,\"hair_1\":2,\"bproof_1\":0,\"bags_1\":0,\"mask_1\":0,\"lipstick_3\":0,\"chain_1\":0,\"eyebrows_4\":0,\"sex\":1,\"torso_1\":49,\"beard_2\":6,\"shoes_1\":24,\"decals_1\":0,\"face\":19,\"lipstick_4\":0,\"tshirt_1\":9,\"mask_2\":0,\"age_2\":0,\"eyebrows_3\":0,\"chain_2\":0,\"glasses_1\":5,\"ears_1\":-1,\"bags_2\":0,\"ears_2\":0,\"torso_2\":0,\"bproof_2\":0,\"makeup_2\":0,\"eyebrows_1\":0,\"makeup_3\":0,\"pants_2\":0,\"beard_3\":0,\"hair_color_2\":4}'),
(36, 'taxi', 0, 'recrue', 'Recruit', 12, '{\"hair_2\":0,\"hair_color_2\":0,\"torso_1\":32,\"bags_1\":0,\"helmet_2\":0,\"chain_2\":0,\"eyebrows_3\":0,\"makeup_3\":0,\"makeup_2\":0,\"tshirt_1\":31,\"makeup_1\":0,\"bags_2\":0,\"makeup_4\":0,\"eyebrows_4\":0,\"chain_1\":0,\"lipstick_4\":0,\"bproof_2\":0,\"hair_color_1\":0,\"decals_2\":0,\"pants_2\":0,\"age_2\":0,\"glasses_2\":0,\"ears_2\":0,\"arms\":27,\"lipstick_1\":0,\"ears_1\":-1,\"mask_2\":0,\"sex\":0,\"lipstick_3\":0,\"helmet_1\":-1,\"shoes_2\":0,\"beard_2\":0,\"beard_1\":0,\"lipstick_2\":0,\"beard_4\":0,\"glasses_1\":0,\"bproof_1\":0,\"mask_1\":0,\"decals_1\":1,\"hair_1\":0,\"eyebrows_2\":0,\"beard_3\":0,\"age_1\":0,\"tshirt_2\":0,\"skin\":0,\"torso_2\":0,\"eyebrows_1\":0,\"face\":0,\"shoes_1\":10,\"pants_1\":24}', '{\"hair_2\":0,\"hair_color_2\":0,\"torso_1\":57,\"bags_1\":0,\"helmet_2\":0,\"chain_2\":0,\"eyebrows_3\":0,\"makeup_3\":0,\"makeup_2\":0,\"tshirt_1\":38,\"makeup_1\":0,\"bags_2\":0,\"makeup_4\":0,\"eyebrows_4\":0,\"chain_1\":0,\"lipstick_4\":0,\"bproof_2\":0,\"hair_color_1\":0,\"decals_2\":0,\"pants_2\":1,\"age_2\":0,\"glasses_2\":0,\"ears_2\":0,\"arms\":21,\"lipstick_1\":0,\"ears_1\":-1,\"mask_2\":0,\"sex\":1,\"lipstick_3\":0,\"helmet_1\":-1,\"shoes_2\":0,\"beard_2\":0,\"beard_1\":0,\"lipstick_2\":0,\"beard_4\":0,\"glasses_1\":5,\"bproof_1\":0,\"mask_1\":0,\"decals_1\":1,\"hair_1\":0,\"eyebrows_2\":0,\"beard_3\":0,\"age_1\":0,\"tshirt_2\":0,\"skin\":0,\"torso_2\":0,\"eyebrows_1\":0,\"face\":0,\"shoes_1\":49,\"pants_1\":11}'),
(37, 'taxi', 1, 'novice', 'Cabby', 24, '{\"hair_2\":0,\"hair_color_2\":0,\"torso_1\":32,\"bags_1\":0,\"helmet_2\":0,\"chain_2\":0,\"eyebrows_3\":0,\"makeup_3\":0,\"makeup_2\":0,\"tshirt_1\":31,\"makeup_1\":0,\"bags_2\":0,\"makeup_4\":0,\"eyebrows_4\":0,\"chain_1\":0,\"lipstick_4\":0,\"bproof_2\":0,\"hair_color_1\":0,\"decals_2\":0,\"pants_2\":0,\"age_2\":0,\"glasses_2\":0,\"ears_2\":0,\"arms\":27,\"lipstick_1\":0,\"ears_1\":-1,\"mask_2\":0,\"sex\":0,\"lipstick_3\":0,\"helmet_1\":-1,\"shoes_2\":0,\"beard_2\":0,\"beard_1\":0,\"lipstick_2\":0,\"beard_4\":0,\"glasses_1\":0,\"bproof_1\":0,\"mask_1\":0,\"decals_1\":1,\"hair_1\":0,\"eyebrows_2\":0,\"beard_3\":0,\"age_1\":0,\"tshirt_2\":0,\"skin\":0,\"torso_2\":0,\"eyebrows_1\":0,\"face\":0,\"shoes_1\":10,\"pants_1\":24}', '{\"hair_2\":0,\"hair_color_2\":0,\"torso_1\":57,\"bags_1\":0,\"helmet_2\":0,\"chain_2\":0,\"eyebrows_3\":0,\"makeup_3\":0,\"makeup_2\":0,\"tshirt_1\":38,\"makeup_1\":0,\"bags_2\":0,\"makeup_4\":0,\"eyebrows_4\":0,\"chain_1\":0,\"lipstick_4\":0,\"bproof_2\":0,\"hair_color_1\":0,\"decals_2\":0,\"pants_2\":1,\"age_2\":0,\"glasses_2\":0,\"ears_2\":0,\"arms\":21,\"lipstick_1\":0,\"ears_1\":-1,\"mask_2\":0,\"sex\":1,\"lipstick_3\":0,\"helmet_1\":-1,\"shoes_2\":0,\"beard_2\":0,\"beard_1\":0,\"lipstick_2\":0,\"beard_4\":0,\"glasses_1\":5,\"bproof_1\":0,\"mask_1\":0,\"decals_1\":1,\"hair_1\":0,\"eyebrows_2\":0,\"beard_3\":0,\"age_1\":0,\"tshirt_2\":0,\"skin\":0,\"torso_2\":0,\"eyebrows_1\":0,\"face\":0,\"shoes_1\":49,\"pants_1\":11}'),
(38, 'taxi', 2, 'experimente', 'Experienced', 36, '{\"hair_2\":0,\"hair_color_2\":0,\"torso_1\":26,\"bags_1\":0,\"helmet_2\":0,\"chain_2\":0,\"eyebrows_3\":0,\"makeup_3\":0,\"makeup_2\":0,\"tshirt_1\":57,\"makeup_1\":0,\"bags_2\":0,\"makeup_4\":0,\"eyebrows_4\":0,\"chain_1\":0,\"lipstick_4\":0,\"bproof_2\":0,\"hair_color_1\":0,\"decals_2\":0,\"pants_2\":4,\"age_2\":0,\"glasses_2\":0,\"ears_2\":0,\"arms\":11,\"lipstick_1\":0,\"ears_1\":-1,\"mask_2\":0,\"sex\":0,\"lipstick_3\":0,\"helmet_1\":-1,\"shoes_2\":0,\"beard_2\":0,\"beard_1\":0,\"lipstick_2\":0,\"beard_4\":0,\"glasses_1\":0,\"bproof_1\":0,\"mask_1\":0,\"decals_1\":0,\"hair_1\":0,\"eyebrows_2\":0,\"beard_3\":0,\"age_1\":0,\"tshirt_2\":0,\"skin\":0,\"torso_2\":0,\"eyebrows_1\":0,\"face\":0,\"shoes_1\":10,\"pants_1\":24}', '{\"hair_2\":0,\"hair_color_2\":0,\"torso_1\":57,\"bags_1\":0,\"helmet_2\":0,\"chain_2\":0,\"eyebrows_3\":0,\"makeup_3\":0,\"makeup_2\":0,\"tshirt_1\":38,\"makeup_1\":0,\"bags_2\":0,\"makeup_4\":0,\"eyebrows_4\":0,\"chain_1\":0,\"lipstick_4\":0,\"bproof_2\":0,\"hair_color_1\":0,\"decals_2\":0,\"pants_2\":1,\"age_2\":0,\"glasses_2\":0,\"ears_2\":0,\"arms\":21,\"lipstick_1\":0,\"ears_1\":-1,\"mask_2\":0,\"sex\":1,\"lipstick_3\":0,\"helmet_1\":-1,\"shoes_2\":0,\"beard_2\":0,\"beard_1\":0,\"lipstick_2\":0,\"beard_4\":0,\"glasses_1\":5,\"bproof_1\":0,\"mask_1\":0,\"decals_1\":1,\"hair_1\":0,\"eyebrows_2\":0,\"beard_3\":0,\"age_1\":0,\"tshirt_2\":0,\"skin\":0,\"torso_2\":0,\"eyebrows_1\":0,\"face\":0,\"shoes_1\":49,\"pants_1\":11}'),
(39, 'taxi', 3, 'uber', 'Uber Cabby', 48, '{\"hair_2\":0,\"hair_color_2\":0,\"torso_1\":26,\"bags_1\":0,\"helmet_2\":0,\"chain_2\":0,\"eyebrows_3\":0,\"makeup_3\":0,\"makeup_2\":0,\"tshirt_1\":57,\"makeup_1\":0,\"bags_2\":0,\"makeup_4\":0,\"eyebrows_4\":0,\"chain_1\":0,\"lipstick_4\":0,\"bproof_2\":0,\"hair_color_1\":0,\"decals_2\":0,\"pants_2\":4,\"age_2\":0,\"glasses_2\":0,\"ears_2\":0,\"arms\":11,\"lipstick_1\":0,\"ears_1\":-1,\"mask_2\":0,\"sex\":0,\"lipstick_3\":0,\"helmet_1\":-1,\"shoes_2\":0,\"beard_2\":0,\"beard_1\":0,\"lipstick_2\":0,\"beard_4\":0,\"glasses_1\":0,\"bproof_1\":0,\"mask_1\":0,\"decals_1\":0,\"hair_1\":0,\"eyebrows_2\":0,\"beard_3\":0,\"age_1\":0,\"tshirt_2\":0,\"skin\":0,\"torso_2\":0,\"eyebrows_1\":0,\"face\":0,\"shoes_1\":10,\"pants_1\":24}', '{\"hair_2\":0,\"hair_color_2\":0,\"torso_1\":57,\"bags_1\":0,\"helmet_2\":0,\"chain_2\":0,\"eyebrows_3\":0,\"makeup_3\":0,\"makeup_2\":0,\"tshirt_1\":38,\"makeup_1\":0,\"bags_2\":0,\"makeup_4\":0,\"eyebrows_4\":0,\"chain_1\":0,\"lipstick_4\":0,\"bproof_2\":0,\"hair_color_1\":0,\"decals_2\":0,\"pants_2\":1,\"age_2\":0,\"glasses_2\":0,\"ears_2\":0,\"arms\":21,\"lipstick_1\":0,\"ears_1\":-1,\"mask_2\":0,\"sex\":1,\"lipstick_3\":0,\"helmet_1\":-1,\"shoes_2\":0,\"beard_2\":0,\"beard_1\":0,\"lipstick_2\":0,\"beard_4\":0,\"glasses_1\":5,\"bproof_1\":0,\"mask_1\":0,\"decals_1\":1,\"hair_1\":0,\"eyebrows_2\":0,\"beard_3\":0,\"age_1\":0,\"tshirt_2\":0,\"skin\":0,\"torso_2\":0,\"eyebrows_1\":0,\"face\":0,\"shoes_1\":49,\"pants_1\":11}'),
(40, 'taxi', 4, 'boss', 'Lead Cabby', 0, '{\"hair_2\":0,\"hair_color_2\":0,\"torso_1\":29,\"bags_1\":0,\"helmet_2\":0,\"chain_2\":0,\"eyebrows_3\":0,\"makeup_3\":0,\"makeup_2\":0,\"tshirt_1\":31,\"makeup_1\":0,\"bags_2\":0,\"makeup_4\":0,\"eyebrows_4\":0,\"chain_1\":0,\"lipstick_4\":0,\"bproof_2\":0,\"hair_color_1\":0,\"decals_2\":0,\"pants_2\":4,\"age_2\":0,\"glasses_2\":0,\"ears_2\":0,\"arms\":1,\"lipstick_1\":0,\"ears_1\":-1,\"mask_2\":0,\"sex\":0,\"lipstick_3\":0,\"helmet_1\":-1,\"shoes_2\":0,\"beard_2\":0,\"beard_1\":0,\"lipstick_2\":0,\"beard_4\":0,\"glasses_1\":0,\"bproof_1\":0,\"mask_1\":0,\"decals_1\":0,\"hair_1\":0,\"eyebrows_2\":0,\"beard_3\":0,\"age_1\":0,\"tshirt_2\":0,\"skin\":0,\"torso_2\":4,\"eyebrows_1\":0,\"face\":0,\"shoes_1\":10,\"pants_1\":24}', '{\"hair_2\":0,\"hair_color_2\":0,\"torso_1\":57,\"bags_1\":0,\"helmet_2\":0,\"chain_2\":0,\"eyebrows_3\":0,\"makeup_3\":0,\"makeup_2\":0,\"tshirt_1\":38,\"makeup_1\":0,\"bags_2\":0,\"makeup_4\":0,\"eyebrows_4\":0,\"chain_1\":0,\"lipstick_4\":0,\"bproof_2\":0,\"hair_color_1\":0,\"decals_2\":0,\"pants_2\":1,\"age_2\":0,\"glasses_2\":0,\"ears_2\":0,\"arms\":21,\"lipstick_1\":0,\"ears_1\":-1,\"mask_2\":0,\"sex\":1,\"lipstick_3\":0,\"helmet_1\":-1,\"shoes_2\":0,\"beard_2\":0,\"beard_1\":0,\"lipstick_2\":0,\"beard_4\":0,\"glasses_1\":5,\"bproof_1\":0,\"mask_1\":0,\"decals_1\":1,\"hair_1\":0,\"eyebrows_2\":0,\"beard_3\":0,\"age_1\":0,\"tshirt_2\":0,\"skin\":0,\"torso_2\":0,\"eyebrows_1\":0,\"face\":0,\"shoes_1\":49,\"pants_1\":11}');

-- --------------------------------------------------------

--
-- Table structure for table `licenses`
--

CREATE TABLE `licenses` (
  `type` varchar(60) NOT NULL,
  `label` varchar(60) NOT NULL
) ENGINE=InnoDB DEFAULT CHARSET=utf8mb4;

--
-- Dumping data for table `licenses`
--

INSERT INTO `licenses` (`type`, `label`) VALUES
('aircraft', 'Aircraft License'),
('boating', 'Boating License'),
('dmv', 'Driving Permit'),
('drive', 'Drivers License'),
('drive_bike', 'Motorcycle License'),
('drive_truck', 'Commercial Drivers License'),
('weapon', 'Weapons license'),
('weed_processing', 'Weed Processing License');

-- --------------------------------------------------------

--
-- Table structure for table `owned_properties`
--

CREATE TABLE `owned_properties` (
  `id` int(11) NOT NULL,
  `name` varchar(255) NOT NULL,
  `price` double NOT NULL,
  `rented` int(11) NOT NULL,
  `owner` varchar(255) NOT NULL
) ENGINE=InnoDB DEFAULT CHARSET=utf8mb4;

-- --------------------------------------------------------

--
-- Table structure for table `owned_vehicles`
--

CREATE TABLE `owned_vehicles` (
  `owner` varchar(255) NOT NULL,
  `plate` varchar(12) NOT NULL,
  `vehicle` longtext DEFAULT NULL,
  `type` varchar(20) NOT NULL DEFAULT 'car',
  `job` varchar(20) NOT NULL DEFAULT 'civ',
  `category` varchar(50) DEFAULT NULL,
  `name` varchar(60) NOT NULL DEFAULT 'Unknown',
  `fuel` int(11) NOT NULL DEFAULT 100,
  `stored` tinyint(1) NOT NULL DEFAULT 0
) ENGINE=InnoDB DEFAULT CHARSET=utf8mb4;

-- --------------------------------------------------------

--
-- Table structure for table `phone_app_chat`
--

CREATE TABLE `phone_app_chat` (
  `id` int(11) NOT NULL,
  `channel` varchar(20) NOT NULL,
  `message` varchar(255) NOT NULL,
  `time` timestamp NOT NULL DEFAULT current_timestamp()
) ENGINE=InnoDB DEFAULT CHARSET=utf8;

-- --------------------------------------------------------

--
-- Table structure for table `phone_calls`
--

CREATE TABLE `phone_calls` (
  `id` int(11) NOT NULL,
  `owner` varchar(255) NOT NULL COMMENT 'Num tel proprio',
  `num` varchar(10) NOT NULL COMMENT 'Num reférence du contact',
  `incoming` int(11) NOT NULL COMMENT 'Défini si on est à l''origine de l''appels',
  `time` timestamp NOT NULL DEFAULT current_timestamp(),
  `accepts` int(11) NOT NULL COMMENT 'Appels accepter ou pas'
) ENGINE=InnoDB DEFAULT CHARSET=utf8;

-- --------------------------------------------------------

--
-- Table structure for table `phone_messages`
--

CREATE TABLE `phone_messages` (
  `id` int(11) NOT NULL,
  `transmitter` varchar(10) NOT NULL,
  `receiver` varchar(10) NOT NULL,
  `message` varchar(255) NOT NULL DEFAULT '0',
  `time` timestamp NOT NULL DEFAULT current_timestamp(),
  `isRead` int(11) NOT NULL DEFAULT 0,
  `owner` int(11) NOT NULL DEFAULT 0
) ENGINE=MyISAM DEFAULT CHARSET=utf8;

-- --------------------------------------------------------

--
-- Table structure for table `phone_users_contacts`
--

CREATE TABLE `phone_users_contacts` (
  `id` int(11) NOT NULL,
  `identifier` varchar(255) CHARACTER SET utf8mb4 DEFAULT NULL,
  `number` varchar(10) CHARACTER SET utf8mb4 DEFAULT NULL,
  `display` varchar(64) CHARACTER SET utf8mb4 NOT NULL DEFAULT '-1'
) ENGINE=MyISAM DEFAULT CHARSET=utf8;

-- --------------------------------------------------------

--
-- Table structure for table `properties`
--

CREATE TABLE `properties` (
  `id` int(11) NOT NULL,
  `name` varchar(255) DEFAULT NULL,
  `label` varchar(255) DEFAULT NULL,
  `entering` varchar(255) DEFAULT NULL,
  `exit` varchar(255) DEFAULT NULL,
  `inside` varchar(255) DEFAULT NULL,
  `outside` varchar(255) DEFAULT NULL,
  `ipls` varchar(255) DEFAULT '[]',
  `gateway` varchar(255) DEFAULT NULL,
  `is_single` int(11) DEFAULT NULL,
  `is_room` int(11) DEFAULT NULL,
  `is_gateway` int(11) DEFAULT NULL,
  `room_menu` varchar(255) DEFAULT NULL,
  `price` int(11) NOT NULL
) ENGINE=InnoDB DEFAULT CHARSET=utf8mb4;

--
-- Dumping data for table `properties`
--

INSERT INTO `properties` (`id`, `name`, `label`, `entering`, `exit`, `inside`, `outside`, `ipls`, `gateway`, `is_single`, `is_room`, `is_gateway`, `room_menu`, `price`) VALUES
(1, 'WhispymoundDrive', '2677 Whispymound Drive', '{\"y\":564.89,\"z\":182.959,\"x\":119.384}', '{\"x\":117.347,\"y\":559.506,\"z\":183.304}', '{\"y\":557.032,\"z\":183.301,\"x\":118.037}', '{\"y\":567.798,\"z\":182.131,\"x\":119.249}', '[]', NULL, 1, 1, 0, '{\"x\":118.748,\"y\":566.573,\"z\":175.697}', 1500000),
(2, 'NorthConkerAvenue2045', '2045 North Conker Avenue', '{\"x\":372.796,\"y\":428.327,\"z\":144.685}', '{\"x\":373.548,\"y\":422.982,\"z\":144.907},', '{\"y\":420.075,\"z\":145.904,\"x\":372.161}', '{\"x\":372.454,\"y\":432.886,\"z\":143.443}', '[]', NULL, 1, 1, 0, '{\"x\":377.349,\"y\":429.422,\"z\":137.3}', 1500000),
(3, 'RichardMajesticApt2', 'Richard Majestic, Apt 2', '{\"y\":-379.165,\"z\":37.961,\"x\":-936.363}', '{\"y\":-365.476,\"z\":113.274,\"x\":-913.097}', '{\"y\":-367.637,\"z\":113.274,\"x\":-918.022}', '{\"y\":-382.023,\"z\":37.961,\"x\":-943.626}', '[]', NULL, 1, 1, 0, '{\"x\":-927.554,\"y\":-377.744,\"z\":112.674}', 1700000),
(4, 'NorthConkerAvenue2044', '2044 North Conker Avenue', '{\"y\":440.8,\"z\":146.702,\"x\":346.964}', '{\"y\":437.456,\"z\":148.394,\"x\":341.683}', '{\"y\":435.626,\"z\":148.394,\"x\":339.595}', '{\"x\":350.535,\"y\":443.329,\"z\":145.764}', '[]', NULL, 1, 1, 0, '{\"x\":337.726,\"y\":436.985,\"z\":140.77}', 1500000),
(5, 'WildOatsDrive', '3655 Wild Oats Drive', '{\"y\":502.696,\"z\":136.421,\"x\":-176.003}', '{\"y\":497.817,\"z\":136.653,\"x\":-174.349}', '{\"y\":495.069,\"z\":136.666,\"x\":-173.331}', '{\"y\":506.412,\"z\":135.0664,\"x\":-177.927}', '[]', NULL, 1, 1, 0, '{\"x\":-174.725,\"y\":493.095,\"z\":129.043}', 1500000),
(6, 'HillcrestAvenue2862', '2862 Hillcrest Avenue', '{\"y\":596.58,\"z\":142.641,\"x\":-686.554}', '{\"y\":591.988,\"z\":144.392,\"x\":-681.728}', '{\"y\":590.608,\"z\":144.392,\"x\":-680.124}', '{\"y\":599.019,\"z\":142.059,\"x\":-689.492}', '[]', NULL, 1, 1, 0, '{\"x\":-680.46,\"y\":588.6,\"z\":136.769}', 1500000),
(7, 'LowEndApartment', 'Basic apartment', '{\"y\":-1078.735,\"z\":28.4031,\"x\":292.528}', '{\"y\":-1007.152,\"z\":-102.002,\"x\":265.845}', '{\"y\":-1002.802,\"z\":-100.008,\"x\":265.307}', '{\"y\":-1078.669,\"z\":28.401,\"x\":296.738}', '[]', NULL, 1, 1, 0, '{\"x\":265.916,\"y\":-999.38,\"z\":-100.008}', 562500),
(8, 'MadWayneThunder', '2113 Mad Wayne Thunder', '{\"y\":454.955,\"z\":96.462,\"x\":-1294.433}', '{\"x\":-1289.917,\"y\":449.541,\"z\":96.902}', '{\"y\":446.322,\"z\":96.899,\"x\":-1289.642}', '{\"y\":455.453,\"z\":96.517,\"x\":-1298.851}', '[]', NULL, 1, 1, 0, '{\"x\":-1287.306,\"y\":455.901,\"z\":89.294}', 1500000),
(9, 'HillcrestAvenue2874', '2874 Hillcrest Avenue', '{\"x\":-853.346,\"y\":696.678,\"z\":147.782}', '{\"y\":690.875,\"z\":151.86,\"x\":-859.961}', '{\"y\":688.361,\"z\":151.857,\"x\":-859.395}', '{\"y\":701.628,\"z\":147.773,\"x\":-855.007}', '[]', NULL, 1, 1, 0, '{\"x\":-858.543,\"y\":697.514,\"z\":144.253}', 1500000),
(10, 'HillcrestAvenue2868', '2868 Hillcrest Avenue', '{\"y\":620.494,\"z\":141.588,\"x\":-752.82}', '{\"y\":618.62,\"z\":143.153,\"x\":-759.317}', '{\"y\":617.629,\"z\":143.153,\"x\":-760.789}', '{\"y\":621.281,\"z\":141.254,\"x\":-750.919}', '[]', NULL, 1, 1, 0, '{\"x\":-762.504,\"y\":618.992,\"z\":135.53}', 1500000),
(11, 'TinselTowersApt12', 'Tinsel Towers, Apt 42', '{\"y\":37.025,\"z\":42.58,\"x\":-618.299}', '{\"y\":58.898,\"z\":97.2,\"x\":-603.301}', '{\"y\":58.941,\"z\":97.2,\"x\":-608.741}', '{\"y\":30.603,\"z\":42.524,\"x\":-620.017}', '[]', NULL, 1, 1, 0, '{\"x\":-622.173,\"y\":54.585,\"z\":96.599}', 1700000),
(12, 'MiltonDrive', 'Milton Drive', '{\"x\":-775.17,\"y\":312.01,\"z\":84.658}', NULL, NULL, '{\"x\":-775.346,\"y\":306.776,\"z\":84.7}', '[]', NULL, 0, 0, 1, NULL, 0),
(13, 'Modern1Apartment', 'Modern Apartment 1', NULL, '{\"x\":-784.194,\"y\":323.636,\"z\":210.997}', '{\"x\":-779.751,\"y\":323.385,\"z\":210.997}', NULL, '[\"apa_v_mp_h_01_a\"]', 'MiltonDrive', 0, 1, 0, '{\"x\":-766.661,\"y\":327.672,\"z\":210.396}', 1300000),
(14, 'Modern2Apartment', 'Modern Apartment 2', NULL, '{\"x\":-786.8663,\"y\":315.764,\"z\":186.913}', '{\"x\":-781.808,\"y\":315.866,\"z\":186.913}', NULL, '[\"apa_v_mp_h_01_c\"]', 'MiltonDrive', 0, 1, 0, '{\"x\":-795.735,\"y\":326.757,\"z\":186.313}', 1300000),
(15, 'Modern3Apartment', 'Modern Apartment 3', NULL, '{\"x\":-774.012,\"y\":342.042,\"z\":195.686}', '{\"x\":-779.057,\"y\":342.063,\"z\":195.686}', NULL, '[\"apa_v_mp_h_01_b\"]', 'MiltonDrive', 0, 1, 0, '{\"x\":-765.386,\"y\":330.782,\"z\":195.08}', 1300000),
(16, 'Mody1Apartment', 'Mody Apartment 1', NULL, '{\"x\":-784.194,\"y\":323.636,\"z\":210.997}', '{\"x\":-779.751,\"y\":323.385,\"z\":210.997}', NULL, '[\"apa_v_mp_h_02_a\"]', 'MiltonDrive', 0, 1, 0, '{\"x\":-766.615,\"y\":327.878,\"z\":210.396}', 1300000),
(17, 'Mody2Apartment', 'Mody Apartment 2', NULL, '{\"x\":-786.8663,\"y\":315.764,\"z\":186.913}', '{\"x\":-781.808,\"y\":315.866,\"z\":186.913}', NULL, '[\"apa_v_mp_h_02_c\"]', 'MiltonDrive', 0, 1, 0, '{\"x\":-795.297,\"y\":327.092,\"z\":186.313}', 1300000),
(18, 'Mody3Apartment', 'Mody Apartment 3', NULL, '{\"x\":-774.012,\"y\":342.042,\"z\":195.686}', '{\"x\":-779.057,\"y\":342.063,\"z\":195.686}', NULL, '[\"apa_v_mp_h_02_b\"]', 'MiltonDrive', 0, 1, 0, '{\"x\":-765.303,\"y\":330.932,\"z\":195.085}', 1300000),
(19, 'Vibrant1Apartment', 'Vibrant Apartment 1', NULL, '{\"x\":-784.194,\"y\":323.636,\"z\":210.997}', '{\"x\":-779.751,\"y\":323.385,\"z\":210.997}', NULL, '[\"apa_v_mp_h_03_a\"]', 'MiltonDrive', 0, 1, 0, '{\"x\":-765.885,\"y\":327.641,\"z\":210.396}', 1300000),
(20, 'Vibrant2Apartment', 'Vibrant Apartment 2', NULL, '{\"x\":-786.8663,\"y\":315.764,\"z\":186.913}', '{\"x\":-781.808,\"y\":315.866,\"z\":186.913}', NULL, '[\"apa_v_mp_h_03_c\"]', 'MiltonDrive', 0, 1, 0, '{\"x\":-795.607,\"y\":327.344,\"z\":186.313}', 1300000),
(21, 'Vibrant3Apartment', 'Vibrant Apartment 3', NULL, '{\"x\":-774.012,\"y\":342.042,\"z\":195.686}', '{\"x\":-779.057,\"y\":342.063,\"z\":195.686}', NULL, '[\"apa_v_mp_h_03_b\"]', 'MiltonDrive', 0, 1, 0, '{\"x\":-765.525,\"y\":330.851,\"z\":195.085}', 1300000),
(22, 'Sharp1Apartment', 'Sharp Apartment 1', NULL, '{\"x\":-784.194,\"y\":323.636,\"z\":210.997}', '{\"x\":-779.751,\"y\":323.385,\"z\":210.997}', NULL, '[\"apa_v_mp_h_04_a\"]', 'MiltonDrive', 0, 1, 0, '{\"x\":-766.527,\"y\":327.89,\"z\":210.396}', 1300000),
(23, 'Sharp2Apartment', 'Sharp Apartment 2', NULL, '{\"x\":-786.8663,\"y\":315.764,\"z\":186.913}', '{\"x\":-781.808,\"y\":315.866,\"z\":186.913}', NULL, '[\"apa_v_mp_h_04_c\"]', 'MiltonDrive', 0, 1, 0, '{\"x\":-795.642,\"y\":326.497,\"z\":186.313}', 1300000),
(24, 'Sharp3Apartment', 'Sharp Apartment 3', NULL, '{\"x\":-774.012,\"y\":342.042,\"z\":195.686}', '{\"x\":-779.057,\"y\":342.063,\"z\":195.686}', NULL, '[\"apa_v_mp_h_04_b\"]', 'MiltonDrive', 0, 1, 0, '{\"x\":-765.503,\"y\":331.318,\"z\":195.085}', 1300000),
(25, 'Monochrome1Apartment', 'Monochrome Apartment 1', NULL, '{\"x\":-784.194,\"y\":323.636,\"z\":210.997}', '{\"x\":-779.751,\"y\":323.385,\"z\":210.997}', NULL, '[\"apa_v_mp_h_05_a\"]', 'MiltonDrive', 0, 1, 0, '{\"x\":-766.289,\"y\":328.086,\"z\":210.396}', 1300000),
(26, 'Monochrome2Apartment', 'Monochrome Apartment 2', NULL, '{\"x\":-786.8663,\"y\":315.764,\"z\":186.913}', '{\"x\":-781.808,\"y\":315.866,\"z\":186.913}', NULL, '[\"apa_v_mp_h_05_c\"]', 'MiltonDrive', 0, 1, 0, '{\"x\":-795.692,\"y\":326.762,\"z\":186.313}', 1300000),
(27, 'Monochrome3Apartment', 'Monochrome Apartment 3', NULL, '{\"x\":-774.012,\"y\":342.042,\"z\":195.686}', '{\"x\":-779.057,\"y\":342.063,\"z\":195.686}', NULL, '[\"apa_v_mp_h_05_b\"]', 'MiltonDrive', 0, 1, 0, '{\"x\":-765.094,\"y\":330.976,\"z\":195.085}', 1300000),
(28, 'Seductive1Apartment', 'Seductive Apartment 1', NULL, '{\"x\":-784.194,\"y\":323.636,\"z\":210.997}', '{\"x\":-779.751,\"y\":323.385,\"z\":210.997}', NULL, '[\"apa_v_mp_h_06_a\"]', 'MiltonDrive', 0, 1, 0, '{\"x\":-766.263,\"y\":328.104,\"z\":210.396}', 1300000),
(29, 'Seductive2Apartment', 'Seductive Apartment 2', NULL, '{\"x\":-786.8663,\"y\":315.764,\"z\":186.913}', '{\"x\":-781.808,\"y\":315.866,\"z\":186.913}', NULL, '[\"apa_v_mp_h_06_c\"]', 'MiltonDrive', 0, 1, 0, '{\"x\":-795.655,\"y\":326.611,\"z\":186.313}', 1300000),
(30, 'Seductive3Apartment', 'Seductive Apartment 3', NULL, '{\"x\":-774.012,\"y\":342.042,\"z\":195.686}', '{\"x\":-779.057,\"y\":342.063,\"z\":195.686}', NULL, '[\"apa_v_mp_h_06_b\"]', 'MiltonDrive', 0, 1, 0, '{\"x\":-765.3,\"y\":331.414,\"z\":195.085}', 1300000),
(31, 'Regal1Apartment', 'Regal Apartment 1', NULL, '{\"x\":-784.194,\"y\":323.636,\"z\":210.997}', '{\"x\":-779.751,\"y\":323.385,\"z\":210.997}', NULL, '[\"apa_v_mp_h_07_a\"]', 'MiltonDrive', 0, 1, 0, '{\"x\":-765.956,\"y\":328.257,\"z\":210.396}', 1300000),
(32, 'Regal2Apartment', 'Regal Apartment 2', NULL, '{\"x\":-786.8663,\"y\":315.764,\"z\":186.913}', '{\"x\":-781.808,\"y\":315.866,\"z\":186.913}', NULL, '[\"apa_v_mp_h_07_c\"]', 'MiltonDrive', 0, 1, 0, '{\"x\":-795.545,\"y\":326.659,\"z\":186.313}', 1300000),
(33, 'Regal3Apartment', 'Regal Apartment 3', NULL, '{\"x\":-774.012,\"y\":342.042,\"z\":195.686}', '{\"x\":-779.057,\"y\":342.063,\"z\":195.686}', NULL, '[\"apa_v_mp_h_07_b\"]', 'MiltonDrive', 0, 1, 0, '{\"x\":-765.087,\"y\":331.429,\"z\":195.123}', 1300000),
(34, 'Aqua1Apartment', 'Aqua Apartment 1', NULL, '{\"x\":-784.194,\"y\":323.636,\"z\":210.997}', '{\"x\":-779.751,\"y\":323.385,\"z\":210.997}', NULL, '[\"apa_v_mp_h_08_a\"]', 'MiltonDrive', 0, 1, 0, '{\"x\":-766.187,\"y\":328.47,\"z\":210.396}', 1300000),
(35, 'Aqua2Apartment', 'Aqua Apartment 2', NULL, '{\"x\":-786.8663,\"y\":315.764,\"z\":186.913}', '{\"x\":-781.808,\"y\":315.866,\"z\":186.913}', NULL, '[\"apa_v_mp_h_08_c\"]', 'MiltonDrive', 0, 1, 0, '{\"x\":-795.658,\"y\":326.563,\"z\":186.313}', 1300000),
(36, 'Aqua3Apartment', 'Aqua Apartment 3', NULL, '{\"x\":-774.012,\"y\":342.042,\"z\":195.686}', '{\"x\":-779.057,\"y\":342.063,\"z\":195.686}', NULL, '[\"apa_v_mp_h_08_b\"]', 'MiltonDrive', 0, 1, 0, '{\"x\":-765.287,\"y\":331.084,\"z\":195.086}', 1300000),
(37, 'IntegrityWay', '4 Integrity Way', '{\"x\":-47.804,\"y\":-585.867,\"z\":36.956}', NULL, NULL, '{\"x\":-54.178,\"y\":-583.762,\"z\":35.798}', '[]', NULL, 0, 0, 1, NULL, 0),
(38, 'IntegrityWay28', '4 Integrity Way - Apt 28', NULL, '{\"x\":-31.409,\"y\":-594.927,\"z\":79.03}', '{\"x\":-26.098,\"y\":-596.909,\"z\":79.03}', NULL, '[]', 'IntegrityWay', 0, 1, 0, '{\"x\":-11.923,\"y\":-597.083,\"z\":78.43}', 1700000),
(39, 'IntegrityWay30', '4 Integrity Way - Apt 30', NULL, '{\"x\":-17.702,\"y\":-588.524,\"z\":89.114}', '{\"x\":-16.21,\"y\":-582.569,\"z\":89.114}', NULL, '[]', 'IntegrityWay', 0, 1, 0, '{\"x\":-26.327,\"y\":-588.384,\"z\":89.123}', 1700000),
(40, 'DellPerroHeights', 'Dell Perro Heights', '{\"x\":-1447.06,\"y\":-538.28,\"z\":33.74}', NULL, NULL, '{\"x\":-1440.022,\"y\":-548.696,\"z\":33.74}', '[]', NULL, 0, 0, 1, NULL, 0),
(41, 'DellPerroHeightst4', 'Dell Perro Heights - Apt 28', NULL, '{\"x\":-1452.125,\"y\":-540.591,\"z\":73.044}', '{\"x\":-1455.435,\"y\":-535.79,\"z\":73.044}', NULL, '[]', 'DellPerroHeights', 0, 1, 0, '{\"x\":-1467.058,\"y\":-527.571,\"z\":72.443}', 1700000),
(42, 'DellPerroHeightst7', 'Dell Perro Heights - Apt 30', NULL, '{\"x\":-1451.562,\"y\":-523.535,\"z\":55.928}', '{\"x\":-1456.02,\"y\":-519.209,\"z\":55.929}', NULL, '[]', 'DellPerroHeights', 0, 1, 0, '{\"x\":-1457.026,\"y\":-530.219,\"z\":55.937}', 1700000),
(43, 'MazeBankBuilding', 'Maze Bank Building', '{\"x\":-79.18,\"y\":-795.92,\"z\":43.35}', NULL, NULL, '{\"x\":-72.50,\"y\":-786.92,\"z\":43.40}', '[]', NULL, 0, 0, 1, NULL, 0),
(44, 'OldSpiceWarm', 'Old Spice Warm', NULL, '{\"x\":-75.69,\"y\":-827.08,\"z\":242.43}', '{\"x\":-75.51,\"y\":-823.90,\"z\":242.43}', NULL, '[\"ex_dt1_11_office_01a\"]', 'MazeBankBuilding', 0, 1, 0, '{\"x\":-71.81,\"y\":-814.34,\"z\":242.39}', 5000000),
(45, 'OldSpiceClassical', 'Old Spice Classical', NULL, '{\"x\":-75.69,\"y\":-827.08,\"z\":242.43}', '{\"x\":-75.51,\"y\":-823.90,\"z\":242.43}', NULL, '[\"ex_dt1_11_office_01b\"]', 'MazeBankBuilding', 0, 1, 0, '{\"x\":-71.81,\"y\":-814.34,\"z\":242.39}', 5000000),
(46, 'OldSpiceVintage', 'Old Spice Vintage', NULL, '{\"x\":-75.69,\"y\":-827.08,\"z\":242.43}', '{\"x\":-75.51,\"y\":-823.90,\"z\":242.43}', NULL, '[\"ex_dt1_11_office_01c\"]', 'MazeBankBuilding', 0, 1, 0, '{\"x\":-71.81,\"y\":-814.34,\"z\":242.39}', 5000000),
(47, 'ExecutiveRich', 'Executive Rich', NULL, '{\"x\":-75.69,\"y\":-827.08,\"z\":242.43}', '{\"x\":-75.51,\"y\":-823.90,\"z\":242.43}', NULL, '[\"ex_dt1_11_office_02b\"]', 'MazeBankBuilding', 0, 1, 0, '{\"x\":-71.81,\"y\":-814.34,\"z\":242.39}', 5000000),
(48, 'ExecutiveCool', 'Executive Cool', NULL, '{\"x\":-75.69,\"y\":-827.08,\"z\":242.43}', '{\"x\":-75.51,\"y\":-823.90,\"z\":242.43}', NULL, '[\"ex_dt1_11_office_02c\"]', 'MazeBankBuilding', 0, 1, 0, '{\"x\":-71.81,\"y\":-814.34,\"z\":242.39}', 5000000),
(49, 'ExecutiveContrast', 'Executive Contrast', NULL, '{\"x\":-75.69,\"y\":-827.08,\"z\":242.43}', '{\"x\":-75.51,\"y\":-823.90,\"z\":242.43}', NULL, '[\"ex_dt1_11_office_02a\"]', 'MazeBankBuilding', 0, 1, 0, '{\"x\":-71.81,\"y\":-814.34,\"z\":242.39}', 5000000),
(50, 'PowerBrokerIce', 'Power Broker Ice', NULL, '{\"x\":-75.69,\"y\":-827.08,\"z\":242.43}', '{\"x\":-75.51,\"y\":-823.90,\"z\":242.43}', NULL, '[\"ex_dt1_11_office_03a\"]', 'MazeBankBuilding', 0, 1, 0, '{\"x\":-71.81,\"y\":-814.34,\"z\":242.39}', 5000000),
(51, 'PowerBrokerConservative', 'Power Broker Conservative', NULL, '{\"x\":-75.69,\"y\":-827.08,\"z\":242.43}', '{\"x\":-75.51,\"y\":-823.90,\"z\":242.43}', NULL, '[\"ex_dt1_11_office_03b\"]', 'MazeBankBuilding', 0, 1, 0, '{\"x\":-71.81,\"y\":-814.34,\"z\":242.39}', 5000000),
(52, 'PowerBrokerPolished', 'Power Broker Polished', NULL, '{\"x\":-75.69,\"y\":-827.08,\"z\":242.43}', '{\"x\":-75.51,\"y\":-823.90,\"z\":242.43}', NULL, '[\"ex_dt1_11_office_03c\"]', 'MazeBankBuilding', 0, 1, 0, '{\"x\":-71.81,\"y\":-814.34,\"z\":242.39}', 5000000),
(53, 'LomBank', 'Lom Bank', '{\"x\":-1581.36,\"y\":-558.23,\"z\":34.07}', NULL, NULL, '{\"x\":-1583.60,\"y\":-555.12,\"z\":34.07}', '[]', NULL, 0, 0, 1, NULL, 0),
(54, 'LBOldSpiceWarm', 'LB Old Spice Warm', NULL, '{\"x\":-1579.53,\"y\":-564.89,\"z\":107.62}', '{\"x\":-1576.42,\"y\":-567.57,\"z\":107.62}', NULL, '[\"ex_sm_13_office_01a\"]', 'LomBank', 0, 1, 0, '{\"x\":-1571.26,\"y\":-575.76,\"z\":107.52}', 3500000),
(55, 'LBOldSpiceClassical', 'LB Old Spice Classical', NULL, '{\"x\":-1579.53,\"y\":-564.89,\"z\":107.62}', '{\"x\":-1576.42,\"y\":-567.57,\"z\":107.62}', NULL, '[\"ex_sm_13_office_01b\"]', 'LomBank', 0, 1, 0, '{\"x\":-1571.26,\"y\":-575.76,\"z\":107.52}', 3500000),
(56, 'LBOldSpiceVintage', 'LB Old Spice Vintage', NULL, '{\"x\":-1579.53,\"y\":-564.89,\"z\":107.62}', '{\"x\":-1576.42,\"y\":-567.57,\"z\":107.62}', NULL, '[\"ex_sm_13_office_01c\"]', 'LomBank', 0, 1, 0, '{\"x\":-1571.26,\"y\":-575.76,\"z\":107.52}', 3500000),
(57, 'LBExecutiveRich', 'LB Executive Rich', NULL, '{\"x\":-1579.53,\"y\":-564.89,\"z\":107.62}', '{\"x\":-1576.42,\"y\":-567.57,\"z\":107.62}', NULL, '[\"ex_sm_13_office_02b\"]', 'LomBank', 0, 1, 0, '{\"x\":-1571.26,\"y\":-575.76,\"z\":107.52}', 3500000),
(58, 'LBExecutiveCool', 'LB Executive Cool', NULL, '{\"x\":-1579.53,\"y\":-564.89,\"z\":107.62}', '{\"x\":-1576.42,\"y\":-567.57,\"z\":107.62}', NULL, '[\"ex_sm_13_office_02c\"]', 'LomBank', 0, 1, 0, '{\"x\":-1571.26,\"y\":-575.76,\"z\":107.52}', 3500000),
(59, 'LBExecutiveContrast', 'LB Executive Contrast', NULL, '{\"x\":-1579.53,\"y\":-564.89,\"z\":107.62}', '{\"x\":-1576.42,\"y\":-567.57,\"z\":107.62}', NULL, '[\"ex_sm_13_office_02a\"]', 'LomBank', 0, 1, 0, '{\"x\":-1571.26,\"y\":-575.76,\"z\":107.52}', 3500000),
(60, 'LBPowerBrokerIce', 'LB Power Broker Ice', NULL, '{\"x\":-1579.53,\"y\":-564.89,\"z\":107.62}', '{\"x\":-1576.42,\"y\":-567.57,\"z\":107.62}', NULL, '[\"ex_sm_13_office_03a\"]', 'LomBank', 0, 1, 0, '{\"x\":-1571.26,\"y\":-575.76,\"z\":107.52}', 3500000),
(61, 'LBPowerBrokerConservative', 'LB Power Broker Conservative', NULL, '{\"x\":-1579.53,\"y\":-564.89,\"z\":107.62}', '{\"x\":-1576.42,\"y\":-567.57,\"z\":107.62}', NULL, '[\"ex_sm_13_office_03b\"]', 'LomBank', 0, 1, 0, '{\"x\":-1571.26,\"y\":-575.76,\"z\":107.52}', 3500000),
(62, 'LBPowerBrokerPolished', 'LB Power Broker Polished', NULL, '{\"x\":-1579.53,\"y\":-564.89,\"z\":107.62}', '{\"x\":-1576.42,\"y\":-567.57,\"z\":107.62}', NULL, '[\"ex_sm_13_office_03c\"]', 'LomBank', 0, 1, 0, '{\"x\":-1571.26,\"y\":-575.76,\"z\":107.52}', 3500000),
(63, 'MazeBankWest', 'Maze Bank West', '{\"x\":-1379.58,\"y\":-499.63,\"z\":32.22}', NULL, NULL, '{\"x\":-1378.95,\"y\":-502.82,\"z\":32.22}', '[]', NULL, 0, 0, 1, NULL, 0),
(64, 'MBWOldSpiceWarm', 'MBW Old Spice Warm', NULL, '{\"x\":-1392.74,\"y\":-480.18,\"z\":71.14}', '{\"x\":-1389.43,\"y\":-479.01,\"z\":71.14}', NULL, '[\"ex_sm_15_office_01a\"]', 'MazeBankWest', 0, 1, 0, '{\"x\":-1390.76,\"y\":-479.22,\"z\":72.04}', 2700000),
(65, 'MBWOldSpiceClassical', 'MBW Old Spice Classical', NULL, '{\"x\":-1392.74,\"y\":-480.18,\"z\":71.14}', '{\"x\":-1389.43,\"y\":-479.01,\"z\":71.14}', NULL, '[\"ex_sm_15_office_01b\"]', 'MazeBankWest', 0, 1, 0, '{\"x\":-1390.76,\"y\":-479.22,\"z\":72.04}', 2700000),
(66, 'MBWOldSpiceVintage', 'MBW Old Spice Vintage', NULL, '{\"x\":-1392.74,\"y\":-480.18,\"z\":71.14}', '{\"x\":-1389.43,\"y\":-479.01,\"z\":71.14}', NULL, '[\"ex_sm_15_office_01c\"]', 'MazeBankWest', 0, 1, 0, '{\"x\":-1390.76,\"y\":-479.22,\"z\":72.04}', 2700000),
(67, 'MBWExecutiveRich', 'MBW Executive Rich', NULL, '{\"x\":-1392.74,\"y\":-480.18,\"z\":71.14}', '{\"x\":-1389.43,\"y\":-479.01,\"z\":71.14}', NULL, '[\"ex_sm_15_office_02b\"]', 'MazeBankWest', 0, 1, 0, '{\"x\":-1390.76,\"y\":-479.22,\"z\":72.04}', 2700000),
(68, 'MBWExecutiveCool', 'MBW Executive Cool', NULL, '{\"x\":-1392.74,\"y\":-480.18,\"z\":71.14}', '{\"x\":-1389.43,\"y\":-479.01,\"z\":71.14}', NULL, '[\"ex_sm_15_office_02c\"]', 'MazeBankWest', 0, 1, 0, '{\"x\":-1390.76,\"y\":-479.22,\"z\":72.04}', 2700000),
(69, 'MBWExecutive Contrast', 'MBW Executive Contrast', NULL, '{\"x\":-1392.74,\"y\":-480.18,\"z\":71.14}', '{\"x\":-1389.43,\"y\":-479.01,\"z\":71.14}', NULL, '[\"ex_sm_15_office_02a\"]', 'MazeBankWest', 0, 1, 0, '{\"x\":-1390.76,\"y\":-479.22,\"z\":72.04}', 2700000),
(70, 'MBWPowerBrokerIce', 'MBW Power Broker Ice', NULL, '{\"x\":-1392.74,\"y\":-480.18,\"z\":71.14}', '{\"x\":-1389.43,\"y\":-479.01,\"z\":71.14}', NULL, '[\"ex_sm_15_office_03a\"]', 'MazeBankWest', 0, 1, 0, '{\"x\":-1390.76,\"y\":-479.22,\"z\":72.04}', 2700000),
(71, 'MBWPowerBrokerConvservative', 'MBW Power Broker Convservative', NULL, '{\"x\":-1392.74,\"y\":-480.18,\"z\":71.14}', '{\"x\":-1389.43,\"y\":-479.01,\"z\":71.14}', NULL, '[\"ex_sm_15_office_03b\"]', 'MazeBankWest', 0, 1, 0, '{\"x\":-1390.76,\"y\":-479.22,\"z\":72.04}', 2700000),
(72, 'MBWPowerBrokerPolished', 'MBW Power Broker Polished', NULL, '{\"x\":-1392.74,\"y\":-480.18,\"z\":71.14}', '{\"x\":-1389.43,\"y\":-479.01,\"z\":71.14}', NULL, '[\"ex_sm_15_office_03c\"]', 'MazeBankWest', 0, 1, 0, '{\"x\":-1390.76,\"y\":-479.22,\"z\":72.04}', 2700000),
(100, 'MedEndApartment1', 'Medium Apartment 1', '{\"y\":3107.56,\"z\":41.49,\"x\":240.6}', '{\"y\":-1012.27,\"z\":-100.2,\"x\":346.49}', '{\"y\":-1000.09,\"z\":-100.2,\"x\":347.06}', '{\"y\":3100.77,\"z\":41.49,\"x\":240.21}', '[]', NULL, 1, 1, 0, '{\"x\":345.3,\"y\":-995.24,\"z\":-100.2}', 500000),
(101, 'MedEndApartment2', 'Medium Apartment 2', '{\"y\":3169.1,\"z\":41.81,\"x\":246.7}', '{\"y\":-1012.27,\"z\":-100.2,\"x\":346.49}', '{\"y\":-1000.09,\"z\":-100.2,\"x\":347.06}', '{\"y\":3163.97,\"z\":41.82,\"x\":245.83}', '[]', NULL, 1, 1, 0, '{\"x\":345.3,\"y\":-995.24,\"z\":-100.2}', 500000),
(102, 'MedEndApartment3', 'Medium Apartment 3', '{\"y\":2667.22,\"z\":39.06,\"x\":980.38}', '{\"y\":-1012.27,\"z\":-100.2,\"x\":346.49}', '{\"y\":-1000.09,\"z\":-100.2,\"x\":347.06}', '{\"y\":2668.77,\"z\":39.06,\"x\":986.38}', '[]', NULL, 1, 1, 0, '{\"x\":345.3,\"y\":-995.24,\"z\":-100.2}', 500000),
(103, 'MedEndApartment4', 'Medium Apartment 4', '{\"y\":3031.08,\"z\":42.89,\"x\":195.85}', '{\"y\":-1012.27,\"z\":-100.2,\"x\":346.49}', '{\"y\":-1000.09,\"z\":-100.2,\"x\":347.06}', '{\"y\":3031.39,\"z\":42.27,\"x\":200.68}', '[]', NULL, 1, 1, 0, '{\"x\":345.3,\"y\":-995.24,\"z\":-100.2}', 500000),
(104, 'MedEndApartment5', 'Medium Apartment 5', '{\"y\":4642.17,\"z\":42.88,\"x\":1724.43}', '{\"y\":-1012.27,\"z\":-100.2,\"x\":346.49}', '{\"y\":-1000.09,\"z\":-100.2,\"x\":347.06}', '{\"y\":4637.34,\"z\":42.31,\"x\":1724.27}', '[]', NULL, 1, 1, 0, '{\"x\":345.3,\"y\":-995.24,\"z\":-100.2}', 500000),
(105, 'MedEndApartment6', 'Medium Apartment 6', '{\"y\":4739.73,\"z\":40.99,\"x\":1664.98}', '{\"y\":-1012.27,\"z\":-100.2,\"x\":346.49}', '{\"y\":-1000.09,\"z\":-100.2,\"x\":347.06}', '{\"y\":4740.93,\"z\":41.08,\"x\":1670.92}', '[]', NULL, 1, 1, 0, '{\"x\":345.3,\"y\":-995.24,\"z\":-100.2}', 500000),
(106, 'MedEndApartment7', 'Medium Apartment 7', '{\"y\":6577.19,\"z\":31.74,\"x\":12.57}', '{\"y\":-1012.27,\"z\":-100.2,\"x\":346.49}', '{\"y\":-1000.09,\"z\":-100.2,\"x\":347.06}', '{\"y\":6572.61,\"z\":31.72,\"x\":16.93}', '[]', NULL, 1, 1, 0, '{\"x\":345.3,\"y\":-995.24,\"z\":-100.2}', 500000),
(107, 'MedEndApartment8', 'Medium Apartment 8', '{\"y\":6190.84,\"z\":30.73,\"x\":-374.31}', '{\"y\":-1012.27,\"z\":-100.2,\"x\":346.49}', '{\"y\":-1000.09,\"z\":-100.2,\"x\":347.06}', '{\"y\":6186.58,\"z\":30.52,\"x\":-372.65}', '[]', NULL, 1, 1, 0, '{\"x\":345.3,\"y\":-995.24,\"z\":-100.2}', 500000),
(108, 'MedEndApartment9', 'Medium Apartment 9', '{\"y\":6597.56,\"z\":30.86,\"x\":-27.06}', '{\"y\":-1012.27,\"z\":-100.2,\"x\":346.49}', '{\"y\":-1000.09,\"z\":-100.2,\"x\":347.06}', '{\"y\":6601.55,\"z\":30.44,\"x\":-30.55}', '[]', NULL, 1, 1, 0, '{\"x\":345.3,\"y\":-995.24,\"z\":-100.2}', 500000),
(109, 'MedEndApartment10', 'Medium Apartment 10', '{\"y\":6340.1,\"z\":28.84,\"x\":-367.33}', '{\"y\":-1012.27,\"z\":-100.2,\"x\":346.49}', '{\"y\":-1000.09,\"z\":-100.2,\"x\":347.06}', '{\"y\":6336.97,\"z\":28.84,\"x\":-371.3}', '[]', NULL, 1, 1, 0, '{\"x\":345.3,\"y\":-995.24,\"z\":-100.2}', 500000);

-- --------------------------------------------------------

--
-- Table structure for table `shops`
--

CREATE TABLE `shops` (
  `id` int(11) NOT NULL,
  `store` varchar(100) NOT NULL,
  `item` varchar(100) NOT NULL,
  `price` int(11) NOT NULL
) ENGINE=InnoDB DEFAULT CHARSET=utf8mb4;

--
-- Dumping data for table `shops`
--

INSERT INTO `shops` (`id`, `store`, `item`, `price`) VALUES
(1, 'TwentyFourSeven', 'bread', 30),
(2, 'TwentyFourSeven', 'water', 15),
(3, 'RobsLiquor', 'bread', 30),
(4, 'RobsLiquor', 'water', 15),
(5, 'LTDgasoline', 'bread', 30),
(6, 'LTDgasoline', 'water', 15),
(7, 'TwentyFourSeven', 'beer', 45),
(8, 'RobsLiquor', 'beer', 45),
(9, 'LTDgasoline', 'beer', 45);

-- --------------------------------------------------------

--
-- Table structure for table `society_moneywash`
--

CREATE TABLE `society_moneywash` (
  `id` int(11) NOT NULL,
  `identifier` varchar(255) NOT NULL,
  `society` varchar(60) NOT NULL,
  `amount` int(11) NOT NULL
) ENGINE=InnoDB DEFAULT CHARSET=utf8mb4;

-- --------------------------------------------------------

--
-- Table structure for table `trunk_inventory`
--

CREATE TABLE `trunk_inventory` (
  `id` int(11) NOT NULL,
  `plate` varchar(8) NOT NULL,
  `data` text NOT NULL,
  `owned` int(11) NOT NULL
) ENGINE=InnoDB DEFAULT CHARSET=utf8mb4;

-- --------------------------------------------------------

--
-- Table structure for table `twitter_accounts`
--

CREATE TABLE `twitter_accounts` (
  `id` int(11) NOT NULL,
  `username` varchar(50) CHARACTER SET utf8 NOT NULL DEFAULT '0',
  `password` varchar(64) COLLATE utf8mb4_bin NOT NULL DEFAULT '0',
  `avatar_url` varchar(255) COLLATE utf8mb4_bin DEFAULT NULL
) ENGINE=InnoDB DEFAULT CHARSET=utf8mb4 COLLATE=utf8mb4_bin;

-- --------------------------------------------------------

--
-- Table structure for table `twitter_likes`
--

CREATE TABLE `twitter_likes` (
  `id` int(11) NOT NULL,
  `authorId` int(11) DEFAULT NULL,
  `tweetId` int(11) DEFAULT NULL
) ENGINE=InnoDB DEFAULT CHARSET=utf8mb4 COLLATE=utf8mb4_bin;

-- --------------------------------------------------------

--
-- Table structure for table `twitter_tweets`
--

CREATE TABLE `twitter_tweets` (
  `id` int(11) NOT NULL,
  `authorId` int(11) NOT NULL,
  `realUser` varchar(50) COLLATE utf8mb4_unicode_ci DEFAULT NULL,
  `message` varchar(256) COLLATE utf8mb4_unicode_ci NOT NULL,
  `time` timestamp NOT NULL DEFAULT current_timestamp(),
  `likes` int(11) NOT NULL DEFAULT 0
) ENGINE=InnoDB DEFAULT CHARSET=utf8mb4 COLLATE=utf8mb4_unicode_ci;

-- --------------------------------------------------------

--
-- Table structure for table `users`
--

CREATE TABLE `users` (
  `identifier` varchar(255) NOT NULL,
  `accounts` longtext DEFAULT NULL,
  `group` varchar(50) DEFAULT 'user',
  `inventory` longtext DEFAULT NULL,
  `job` varchar(20) DEFAULT 'unemployed',
  `job_grade` int(11) DEFAULT 0,
  `loadout` longtext DEFAULT NULL,
  `position` varchar(255) DEFAULT '{"x":-269.4,"y":-955.3,"z":31.2,"heading":205.8}',
  `status` longtext DEFAULT NULL,
  `skin` longtext DEFAULT NULL,
  `is_dead` tinyint(1) DEFAULT 0,
  `last_property` varchar(255) DEFAULT NULL,
  `firstname` varchar(16) DEFAULT NULL,
  `lastname` varchar(16) DEFAULT NULL,
  `dateofbirth` varchar(10) DEFAULT NULL,
  `sex` varchar(1) DEFAULT NULL,
  `height` int(11) DEFAULT NULL,
  `phone_number` varchar(10) DEFAULT NULL
) ENGINE=InnoDB DEFAULT CHARSET=utf8mb4;

-- --------------------------------------------------------

--
-- Table structure for table `user_licenses`
--

CREATE TABLE `user_licenses` (
  `id` int(11) NOT NULL,
  `type` varchar(255) NOT NULL,
  `owner` varchar(255) NOT NULL
) ENGINE=InnoDB DEFAULT CHARSET=utf8mb4;

-- --------------------------------------------------------

--
-- Table structure for table `vs_aircrafts`
--

CREATE TABLE `vs_aircrafts` (
  `name` varchar(60) NOT NULL,
  `model` varchar(60) NOT NULL,
  `price` int(11) NOT NULL,
  `category` varchar(60) DEFAULT NULL
) ENGINE=InnoDB DEFAULT CHARSET=utf8mb4;

--
-- Dumping data for table `vs_aircrafts`
--

INSERT INTO `vs_aircrafts` (`name`, `model`, `price`, `category`) VALUES
('Alpha Z1', 'alphaz1', 1121000, 'planes'),
('Besra', 'besra', 1000000, 'planes'),
('Buzzard', 'buzzard2', 500000, 'helis'),
('Cuban 800', 'cuban800', 240000, 'planes'),
('Dodo', 'dodo', 500000, 'planes'),
('Duster', 'duster', 175000, 'planes'),
('Frogger', 'frogger', 800000, 'helis'),
('Havok', 'havok', 250000, 'helis'),
('Howard NX25', 'howard', 975000, 'planes'),
('Luxor', 'luxor', 1500000, 'planes'),
('Luxor Deluxe ', 'luxor2', 1750000, 'planes'),
('Mammatus', 'mammatus', 300000, 'planes'),
('Maverick', 'maverick', 750000, 'helis'),
('Ultra Light', 'microlight', 50000, 'planes'),
('Nimbus', 'nimbus', 900000, 'planes'),
('Rogue', 'rogue', 1000000, 'planes'),
('Sea Breeze', 'seabreeze', 850000, 'planes'),
('Sea Sparrow', 'seasparrow', 815000, 'helis'),
('Shamal', 'shamal', 1150000, 'planes'),
('Mallard', 'stunt', 250000, 'planes'),
('SuperVolito', 'supervolito', 1000000, 'helis'),
('SuperVolito Carbon', 'supervolito2', 1250000, 'helis'),
('Swift', 'swift', 1000000, 'helis'),
('Swift Deluxe', 'swift2', 1250000, 'helis'),
('Velum', 'velum2', 450000, 'planes'),
('Vestra', 'vestra', 950000, 'planes'),
('Volatus', 'volatus', 1250000, 'helis');

-- --------------------------------------------------------

--
-- Table structure for table `vs_aircraft_categories`
--

CREATE TABLE `vs_aircraft_categories` (
  `name` varchar(60) NOT NULL,
  `label` varchar(60) NOT NULL
) ENGINE=InnoDB DEFAULT CHARSET=utf8mb4;

--
-- Dumping data for table `vs_aircraft_categories`
--

INSERT INTO `vs_aircraft_categories` (`name`, `label`) VALUES
('helis', 'Helicopters'),
('planes', 'Planes');

-- --------------------------------------------------------

--
-- Table structure for table `vs_ambulance`
--

CREATE TABLE `vs_ambulance` (
  `id` int(11) NOT NULL,
  `name` varchar(60) NOT NULL,
  `model` varchar(60) NOT NULL,
  `price` int(11) NOT NULL,
  `category` varchar(60) DEFAULT NULL
) ENGINE=InnoDB DEFAULT CHARSET=utf8mb4;

--
-- Dumping data for table `vs_ambulance`
--

INSERT INTO `vs_ambulance` (`id`, `name`, `model`, `price`, `category`) VALUES
(1, 'Ambulance', 'ambulance', 500, 'ambulance'),
(2, 'Fire Truck', 'firetruk', 750, 'ambulance'),
(3, 'Ambulance', 'ambulance', 500, 'doctor'),
(4, 'Fire Truck', 'firetruk', 750, 'doctor'),
(5, 'Ambulance', 'ambulance', 500, 'chief_doctor'),
(6, 'Fire Truck', 'firetruk', 750, 'chief_doctor'),
(7, 'Ambulance', 'ambulance', 500, 'boss'),
(8, 'Fire Truck', 'firetruk', 750, 'boss');

-- --------------------------------------------------------

--
-- Table structure for table `vs_ambulance_categories`
--

CREATE TABLE `vs_ambulance_categories` (
  `name` varchar(60) NOT NULL,
  `label` varchar(60) NOT NULL
) ENGINE=InnoDB DEFAULT CHARSET=utf8mb4;

--
-- Dumping data for table `vs_ambulance_categories`
--

INSERT INTO `vs_ambulance_categories` (`name`, `label`) VALUES
('ambulance', 'Jr. EMT'),
('boss', 'EMT Supervisor'),
('chief_doctor', 'Sr. EMT'),
('doctor', 'EMT');

-- --------------------------------------------------------

--
-- Table structure for table `vs_boats`
--

CREATE TABLE `vs_boats` (
  `name` varchar(60) NOT NULL,
  `model` varchar(60) NOT NULL,
  `price` int(11) NOT NULL,
  `category` varchar(60) DEFAULT NULL
) ENGINE=InnoDB DEFAULT CHARSET=utf8mb4;

--
-- Dumping data for table `vs_boats`
--

INSERT INTO `vs_boats` (`name`, `model`, `price`, `category`) VALUES
('Dinghy 4Seat', 'dinghy', 25000, 'boats'),
('Dinghy 2Seat', 'dinghy2', 20000, 'boats'),
('Dinghy Yacht', 'dinghy4', 25000, 'boats'),
('Jetmax', 'jetmax', 30000, 'boats'),
('Marquis', 'marquis', 45000, 'boats'),
('Seashark', 'seashark', 10000, 'boats'),
('Seashark Yacht', 'seashark3', 10000, 'boats'),
('Speeder', 'speeder', 40000, 'boats'),
('Squalo', 'squalo', 32000, 'boats'),
('Submarine', 'submersible', 29000, 'subs'),
('Kraken', 'submersible2', 31000, 'subs'),
('Suntrap', 'suntrap', 34000, 'boats'),
('Toro', 'toro', 38000, 'boats'),
('Toro Yacht', 'toro2', 38000, 'boats'),
('Tropic', 'tropic', 27000, 'boats'),
('Tropic Yacht', 'tropic2', 27000, 'boats');

-- --------------------------------------------------------

--
-- Table structure for table `vs_boat_categories`
--

CREATE TABLE `vs_boat_categories` (
  `name` varchar(60) NOT NULL,
  `label` varchar(60) NOT NULL
) ENGINE=InnoDB DEFAULT CHARSET=utf8mb4;

--
-- Dumping data for table `vs_boat_categories`
--

INSERT INTO `vs_boat_categories` (`name`, `label`) VALUES
('boats', 'Boats'),
('subs', 'Submersibles');

-- --------------------------------------------------------

--
-- Table structure for table `vs_cars`
--

CREATE TABLE `vs_cars` (
  `name` varchar(60) NOT NULL,
  `model` varchar(60) NOT NULL,
  `price` int(11) NOT NULL,
  `category` varchar(60) DEFAULT NULL
) ENGINE=InnoDB DEFAULT CHARSET=utf8mb4;

--
-- Dumping data for table `vs_cars`
--

INSERT INTO `vs_cars` (`name`, `model`, `price`, `category`) VALUES
('Adder', 'adder', 900000, 'supers'),
('Akuma', 'akuma', 7500, 'motorcycles'),
('Alpha', 'alpha', 60000, 'sports'),
('Ardent', 'ardent', 1150000, 'sportsclassics'),
('Asea', 'asea', 5500, 'sedans'),
('Autarch', 'autarch', 1955000, 'supers'),
('Avarus', 'avarus', 18000, 'motorcycles'),
('Bagger', 'bagger', 13500, 'motorcycles'),
('Baller', 'baller2', 40000, 'suvs'),
('Baller Sport', 'baller3', 60000, 'suvs'),
('Banshee', 'banshee', 70000, 'sports'),
('Banshee 900R', 'banshee2', 255000, 'supers'),
('Bati 801', 'bati', 12000, 'motorcycles'),
('Bati 801RR', 'bati2', 19000, 'motorcycles'),
('Bestia GTS', 'bestiagts', 55000, 'sports'),
('BF400', 'bf400', 6500, 'motorcycles'),
('Bf Injection', 'bfinjection', 16000, 'offroads'),
('Bifta', 'bifta', 12000, 'offroads'),
('Bison', 'bison', 45000, 'vans'),
('Blade', 'blade', 15000, 'muscles'),
('Blazer', 'blazer', 6500, 'offroads'),
('Blazer Sport', 'blazer4', 8500, 'offroads'),
('blazer5', 'blazer5', 1755600, 'offroads'),
('Blista', 'blista', 8000, 'compacts'),
('BMX (velo)', 'bmx', 160, 'motorcycles'),
('Bobcat XL', 'bobcatxl', 32000, 'vans'),
('Brawler', 'brawler', 45000, 'offroads'),
('Brioso R/A', 'brioso', 18000, 'compacts'),
('Btype', 'btype', 62000, 'sportsclassics'),
('Btype Hotroad', 'btype2', 155000, 'sportsclassics'),
('Btype Luxe', 'btype3', 85000, 'sportsclassics'),
('Buccaneer', 'buccaneer', 18000, 'muscles'),
('Buccaneer Rider', 'buccaneer2', 24000, 'muscles'),
('Buffalo', 'buffalo', 12000, 'sports'),
('Buffalo S', 'buffalo2', 20000, 'sports'),
('Bullet', 'bullet', 90000, 'supers'),
('Burrito', 'burrito3', 19000, 'vans'),
('Camper', 'camper', 42000, 'vans'),
('Carbonizzare', 'carbonizzare', 75000, 'sports'),
('Carbon RS', 'carbonrs', 18000, 'motorcycles'),
('Casco', 'casco', 30000, 'sportsclassics'),
('Cavalcade', 'cavalcade2', 55000, 'suvs'),
('Cheetah', 'cheetah', 375000, 'supers'),
('Chimera', 'chimera', 38000, 'motorcycles'),
('Chino', 'chino', 15000, 'muscles'),
('Chino Luxe', 'chino2', 19000, 'muscles'),
('Cliffhanger', 'cliffhanger', 9500, 'motorcycles'),
('Cognoscenti Cabrio', 'cogcabrio', 55000, 'coupes'),
('Cognoscenti', 'cognoscenti', 55000, 'sedans'),
('Comet', 'comet2', 65000, 'sports'),
('Comet 5', 'comet5', 1145000, 'sports'),
('Contender', 'contender', 70000, 'suvs'),
('Coquette', 'coquette', 65000, 'sports'),
('Coquette Classic', 'coquette2', 40000, 'sportsclassics'),
('Coquette BlackFin', 'coquette3', 55000, 'muscles'),
('Cruiser (velo)', 'cruiser', 510, 'motorcycles'),
('Cyclone', 'cyclone', 1890000, 'supers'),
('Daemon', 'daemon', 11500, 'motorcycles'),
('Daemon High', 'daemon2', 13500, 'motorcycles'),
('Defiler', 'defiler', 9800, 'motorcycles'),
('Deluxo', 'deluxo', 4721500, 'sportsclassics'),
('Dominator', 'dominator', 35000, 'muscles'),
('Double T', 'double', 28000, 'motorcycles'),
('Dubsta', 'dubsta', 45000, 'suvs'),
('Dubsta Luxuary', 'dubsta2', 60000, 'suvs'),
('Bubsta 6x6', 'dubsta3', 120000, 'offroads'),
('Dukes', 'dukes', 28000, 'muscles'),
('Dune Buggy', 'dune', 8000, 'offroads'),
('Elegy', 'elegy2', 38500, 'sports'),
('Emperor', 'emperor', 8500, 'sedans'),
('Enduro', 'enduro', 5500, 'motorcycles'),
('Entity XF', 'entityxf', 425000, 'supers'),
('Esskey', 'esskey', 4200, 'motorcycles'),
('Exemplar', 'exemplar', 32000, 'coupes'),
('F620', 'f620', 40000, 'coupes'),
('Faction', 'faction', 20000, 'muscles'),
('Faction Rider', 'faction2', 30000, 'muscles'),
('Faction XL', 'faction3', 40000, 'muscles'),
('Faggio', 'faggio', 1900, 'motorcycles'),
('Vespa', 'faggio2', 2800, 'motorcycles'),
('Felon', 'felon', 42000, 'coupes'),
('Felon GT', 'felon2', 55000, 'coupes'),
('Feltzer', 'feltzer2', 55000, 'sports'),
('Stirling GT', 'feltzer3', 65000, 'sportsclassics'),
('Fixter (velo)', 'fixter', 225, 'motorcycles'),
('FMJ', 'fmj', 185000, 'supers'),
('Fhantom', 'fq2', 17000, 'suvs'),
('Fugitive', 'fugitive', 12000, 'sedans'),
('Furore GT', 'furoregt', 45000, 'sports'),
('Fusilade', 'fusilade', 40000, 'sports'),
('Gargoyle', 'gargoyle', 16500, 'motorcycles'),
('Gauntlet', 'gauntlet', 30000, 'muscles'),
('Gang Burrito', 'gburrito', 45000, 'vans'),
('Burrito', 'gburrito2', 29000, 'vans'),
('Glendale', 'glendale', 6500, 'sedans'),
('Grabger', 'granger', 50000, 'suvs'),
('Gresley', 'gresley', 47500, 'suvs'),
('GT 500', 'gt500', 785000, 'sportsclassics'),
('Guardian', 'guardian', 45000, 'offroads'),
('Hakuchou', 'hakuchou', 31000, 'motorcycles'),
('Hakuchou Sport', 'hakuchou2', 55000, 'motorcycles'),
('Hermes', 'hermes', 535000, 'muscles'),
('Hexer', 'hexer', 12000, 'motorcycles'),
('Hotknife', 'hotknife', 125000, 'muscles'),
('Huntley S', 'huntley', 40000, 'suvs'),
('Hustler', 'hustler', 625000, 'muscles'),
('Infernus', 'infernus', 180000, 'supers'),
('Innovation', 'innovation', 23500, 'motorcycles'),
('Intruder', 'intruder', 7500, 'sedans'),
('Issi', 'issi2', 10000, 'compacts'),
('Jackal', 'jackal', 38000, 'coupes'),
('Jester', 'jester', 65000, 'sports'),
('Jester(Racecar)', 'jester2', 135000, 'sports'),
('Journey', 'journey', 6500, 'vans'),
('Kamacho', 'kamacho', 345000, 'offroads'),
('Khamelion', 'khamelion', 38000, 'sports'),
('Kuruma', 'kuruma', 30000, 'sports'),
('Landstalker', 'landstalker', 35000, 'suvs'),
('RE-7B', 'le7b', 325000, 'supers'),
('Lynx', 'lynx', 40000, 'sports'),
('Mamba', 'mamba', 70000, 'sports'),
('Manana', 'manana', 12800, 'sportsclassics'),
('Manchez', 'manchez', 5300, 'motorcycles'),
('Massacro', 'massacro', 65000, 'sports'),
('Massacro(Racecar)', 'massacro2', 130000, 'sports'),
('Mesa', 'mesa', 16000, 'suvs'),
('Mesa Trail', 'mesa3', 40000, 'suvs'),
('Minivan', 'minivan', 13000, 'vans'),
('Monroe', 'monroe', 55000, 'sportsclassics'),
('The Liberator', 'monster', 210000, 'offroads'),
('Moonbeam', 'moonbeam', 18000, 'vans'),
('Moonbeam Rider', 'moonbeam2', 35000, 'vans'),
('Nemesis', 'nemesis', 5800, 'motorcycles'),
('Neon', 'neon', 1500000, 'sports'),
('Nightblade', 'nightblade', 35000, 'motorcycles'),
('Nightshade', 'nightshade', 65000, 'muscles'),
('9F', 'ninef', 65000, 'sports'),
('9F Cabrio', 'ninef2', 80000, 'sports'),
('Omnis', 'omnis', 35000, 'sports'),
('Oppressor', 'oppressor', 3524500, 'supers'),
('Oracle XS', 'oracle2', 35000, 'coupes'),
('Osiris', 'osiris', 160000, 'supers'),
('Panto', 'panto', 10000, 'compacts'),
('Paradise', 'paradise', 19000, 'vans'),
('Pariah', 'pariah', 1420000, 'sports'),
('Patriot', 'patriot', 55000, 'suvs'),
('PCJ-600', 'pcj', 6200, 'motorcycles'),
('Penumbra', 'penumbra', 28000, 'sports'),
('Pfister', 'pfister811', 85000, 'supers'),
('Phoenix', 'phoenix', 12500, 'muscles'),
('Picador', 'picador', 18000, 'muscles'),
('Pigalle', 'pigalle', 20000, 'sportsclassics'),
('Prairie', 'prairie', 12000, 'compacts'),
('Premier', 'premier', 8000, 'sedans'),
('Primo Custom', 'primo2', 14000, 'sedans'),
('X80 Proto', 'prototipo', 2500000, 'supers'),
('Radius', 'radi', 29000, 'suvs'),
('Raiden', 'raiden', 1375000, 'sports'),
('Rapid GT', 'rapidgt', 35000, 'sports'),
('Rapid GT Convertible', 'rapidgt2', 45000, 'sports'),
('Rapid GT3', 'rapidgt3', 885000, 'sportsclassics'),
('Reaper', 'reaper', 150000, 'supers'),
('Rebel', 'rebel2', 35000, 'offroads'),
('Regina', 'regina', 5000, 'sedans'),
('Retinue', 'retinue', 615000, 'sportsclassics'),
('Revolter', 'revolter', 1610000, 'sports'),
('Riata', 'riata', 380000, 'offroads'),
('Rocoto', 'rocoto', 45000, 'suvs'),
('Ruffian', 'ruffian', 6800, 'motorcycles'),
('Ruiner 2', 'ruiner2', 5745600, 'muscles'),
('Rumpo', 'rumpo', 15000, 'vans'),
('Rumpo Trail', 'rumpo3', 19500, 'vans'),
('Sabre Turbo', 'sabregt', 20000, 'muscles'),
('Sabre GT', 'sabregt2', 25000, 'muscles'),
('Sanchez', 'sanchez', 5300, 'motorcycles'),
('Sanchez Sport', 'sanchez2', 5300, 'motorcycles'),
('Sanctus', 'sanctus', 25000, 'motorcycles'),
('Sandking', 'sandking', 55000, 'offroads'),
('Savestra', 'savestra', 990000, 'sportsclassics'),
('SC 1', 'sc1', 1603000, 'supers'),
('Schafter', 'schafter2', 25000, 'sedans'),
('Schafter V12', 'schafter3', 50000, 'sports'),
('Scorcher (velo)', 'scorcher', 280, 'motorcycles'),
('Seminole', 'seminole', 25000, 'suvs'),
('Sentinel', 'sentinel', 32000, 'coupes'),
('Sentinel XS', 'sentinel2', 40000, 'coupes'),
('Sentinel3', 'sentinel3', 650000, 'sports'),
('Seven 70', 'seven70', 39500, 'sports'),
('ETR1', 'sheava', 220000, 'supers'),
('Shotaro Concept', 'shotaro', 320000, 'motorcycles'),
('Slam Van', 'slamvan3', 11500, 'muscles'),
('Sovereign', 'sovereign', 22000, 'motorcycles'),
('Stinger', 'stinger', 80000, 'sportsclassics'),
('Stinger GT', 'stingergt', 75000, 'sportsclassics'),
('Streiter', 'streiter', 500000, 'sports'),
('Stretch', 'stretch', 90000, 'sedans'),
('Stromberg', 'stromberg', 3185350, 'sports'),
('Sultan', 'sultan', 15000, 'sports'),
('Sultan RS', 'sultanrs', 65000, 'supers'),
('Super Diamond', 'superd', 130000, 'sedans'),
('Surano', 'surano', 50000, 'sports'),
('Surfer', 'surfer', 12000, 'vans'),
('T20', 't20', 300000, 'supers'),
('Tailgater', 'tailgater', 30000, 'sedans'),
('Tampa', 'tampa', 16000, 'muscles'),
('Drift Tampa', 'tampa2', 80000, 'sports'),
('Thrust', 'thrust', 24000, 'motorcycles'),
('Tri bike (velo)', 'tribike3', 520, 'motorcycles'),
('Trophy Truck', 'trophytruck', 60000, 'offroads'),
('Trophy Truck Limited', 'trophytruck2', 80000, 'offroads'),
('Tropos', 'tropos', 40000, 'sports'),
('Turismo R', 'turismor', 350000, 'supers'),
('Tyrus', 'tyrus', 600000, 'supers'),
('Vacca', 'vacca', 120000, 'supers'),
('Vader', 'vader', 7200, 'motorcycles'),
('Verlierer', 'verlierer2', 70000, 'sports'),
('Vigero', 'vigero', 12500, 'muscles'),
('Virgo', 'virgo', 14000, 'muscles'),
('Viseris', 'viseris', 875000, 'sportsclassics'),
('Visione', 'visione', 2250000, 'supers'),
('Voltic', 'voltic', 90000, 'supers'),
('Voltic 2', 'voltic2', 3830400, 'supers'),
('Voodoo', 'voodoo', 7200, 'muscles'),
('Vortex', 'vortex', 9800, 'motorcycles'),
('Warrener', 'warrener', 4000, 'sedans'),
('Washington', 'washington', 9000, 'sedans'),
('Windsor', 'windsor', 95000, 'coupes'),
('Windsor Drop', 'windsor2', 125000, 'coupes'),
('Woflsbane', 'wolfsbane', 9000, 'motorcycles'),
('XLS', 'xls', 32000, 'suvs'),
('Yosemite', 'yosemite', 485000, 'muscles'),
('Youga', 'youga', 10800, 'vans'),
('Youga Luxuary', 'youga2', 14500, 'vans'),
('Z190', 'z190', 900000, 'sportsclassics'),
('Zentorno', 'zentorno', 1500000, 'supers'),
('Zion', 'zion', 36000, 'coupes'),
('Zion Cabrio', 'zion2', 45000, 'coupes'),
('Zombie', 'zombiea', 9500, 'motorcycles'),
('Zombie Luxuary', 'zombieb', 12000, 'motorcycles'),
('Z-Type', 'ztype', 220000, 'sportsclassics');

-- --------------------------------------------------------

--
-- Table structure for table `vs_car_categories`
--

CREATE TABLE `vs_car_categories` (
  `name` varchar(60) NOT NULL,
  `label` varchar(60) NOT NULL
) ENGINE=InnoDB DEFAULT CHARSET=utf8mb4;

--
-- Dumping data for table `vs_car_categories`
--

INSERT INTO `vs_car_categories` (`name`, `label`) VALUES
('compacts', 'Compacts'),
('coupes', 'Coupes'),
('motorcycles', 'Motorcycles'),
('muscles', 'Muscles'),
('offroads', 'Off-Roads'),
('sedans', 'Sedans'),
('sports', 'Sports'),
('sportsclassics', 'Sports Classics'),
('supers', 'Supers'),
('suvs', 'SUVs'),
('vans', 'Vans');

-- --------------------------------------------------------

--
-- Table structure for table `vs_divisions`
--

CREATE TABLE `vs_divisions` (
  `id` int(11) NOT NULL,
  `name` varchar(60) NOT NULL,
  `model` varchar(60) NOT NULL,
  `price` int(11) NOT NULL,
  `category` varchar(60) DEFAULT NULL
) ENGINE=InnoDB DEFAULT CHARSET=utf8mb4;

--
-- Dumping data for table `vs_divisions`
--

INSERT INTO `vs_divisions` (`id`, `name`, `model`, `price`, `category`) VALUES
(1, 'Maverick', 'polmav', 1000, 'aviation');

-- --------------------------------------------------------

--
-- Table structure for table `vs_division_categories`
--

CREATE TABLE `vs_division_categories` (
  `name` varchar(60) NOT NULL,
  `label` varchar(60) NOT NULL
) ENGINE=InnoDB DEFAULT CHARSET=utf8mb4;

--
-- Dumping data for table `vs_division_categories`
--

INSERT INTO `vs_division_categories` (`name`, `label`) VALUES
('aviation', 'Aviation');

-- --------------------------------------------------------

--
-- Table structure for table `vs_mecano`
--

CREATE TABLE `vs_mecano` (
  `id` int(11) NOT NULL,
  `name` varchar(60) NOT NULL,
  `model` varchar(60) NOT NULL,
  `price` int(11) NOT NULL,
  `category` varchar(60) DEFAULT NULL
) ENGINE=InnoDB DEFAULT CHARSET=utf8mb4;

--
-- Dumping data for table `vs_mecano`
--

INSERT INTO `vs_mecano` (`id`, `name`, `model`, `price`, `category`) VALUES
(1, 'Flatbed', 'flatbed', 500, 'recrue'),
(2, 'Tow Truck', 'towtruck2', 750, 'recrue'),
(3, 'Flatbed', 'flatbed', 500, 'novice'),
(4, 'Tow Truck', 'towtruck2', 750, 'novice'),
(5, 'Flatbed', 'flatbed', 500, 'experimente'),
(6, 'Tow Truck', 'towtruck2', 750, 'experimente'),
(7, 'Flatbed', 'flatbed', 500, 'chief'),
(8, 'Tow Truck', 'towtruck2', 750, 'chief'),
(9, 'Flatbed', 'flatbed', 500, 'boss'),
(10, 'Tow Truck', 'towtruck2', 750, 'boss');

-- --------------------------------------------------------

--
-- Table structure for table `vs_mecano_categories`
--

CREATE TABLE `vs_mecano_categories` (
  `name` varchar(60) NOT NULL,
  `label` varchar(60) NOT NULL
) ENGINE=InnoDB DEFAULT CHARSET=utf8mb4;

--
-- Dumping data for table `vs_mecano_categories`
--

INSERT INTO `vs_mecano_categories` (`name`, `label`) VALUES
('boss', 'Boss'),
('chief', 'Chief'),
('experimente', 'Experienced'),
('novice', 'Novice'),
('recrue', 'Recruit');

-- --------------------------------------------------------

--
-- Table structure for table `vs_police`
--

CREATE TABLE `vs_police` (
  `id` int(11) NOT NULL,
  `name` varchar(60) NOT NULL,
  `model` varchar(60) NOT NULL,
  `price` int(11) NOT NULL,
  `category` varchar(60) DEFAULT NULL
) ENGINE=InnoDB DEFAULT CHARSET=utf8mb4;

--
-- Dumping data for table `vs_police`
--

INSERT INTO `vs_police` (`id`, `name`, `model`, `price`, `category`) VALUES
(1, 'Police Cruiser', 'police', 500, 'recruit'),
(2, 'Police Cruiser', 'police2', 750, 'recruit'),
(3, 'Police Cruiser', 'police', 500, 'officer'),
(4, 'Police Cruiser', 'police2', 750, 'officer'),
(5, 'Police Cruiser', 'police', 500, 'sergeant'),
(6, 'Police Cruiser', 'police2', 750, 'sergeant'),
(7, 'Police Cruiser', 'police', 500, 'lieutenant'),
(8, 'Police Cruiser', 'police2', 750, 'lieutenant'),
(9, 'Police Cruiser', 'police', 500, 'boss'),
(10, 'Police Cruiser', 'police2', 750, 'boss');

-- --------------------------------------------------------

--
-- Table structure for table `vs_police_categories`
--

CREATE TABLE `vs_police_categories` (
  `name` varchar(60) NOT NULL,
  `label` varchar(60) NOT NULL
) ENGINE=InnoDB DEFAULT CHARSET=utf8mb4;

--
-- Dumping data for table `vs_police_categories`
--

INSERT INTO `vs_police_categories` (`name`, `label`) VALUES
('boss', 'Chief'),
('lieutenant', 'Lieutenant'),
('officer', 'Officer'),
('recruit', 'Recruit'),
('sergeant', 'Sergeant');

-- --------------------------------------------------------

--
-- Table structure for table `vs_trucks`
--

CREATE TABLE `vs_trucks` (
  `name` varchar(60) NOT NULL,
  `model` varchar(60) NOT NULL,
  `price` int(11) NOT NULL,
  `category` varchar(60) DEFAULT NULL
) ENGINE=InnoDB DEFAULT CHARSET=utf8mb4;

--
-- Dumping data for table `vs_trucks`
--

INSERT INTO `vs_trucks` (`name`, `model`, `price`, `category`) VALUES
('Airport Bus', 'airbus', 50000, 'trans'),
('Benson', 'benson', 55000, 'box'),
('Biff', 'biff', 30000, 'other'),
('Boxville 1', 'boxville', 45000, 'box'),
('Boxville 2', 'boxville2', 45000, 'box'),
('Boxville 3', 'boxville3', 45000, 'box'),
('Boxville 4', 'boxville4', 45000, 'box'),
('Dozer', 'bulldozer', 20000, 'other'),
('Bus', 'bus', 50000, 'trans'),
('Dashound', 'coach', 50000, 'trans'),
('Hauler', 'hauler', 100000, 'haul'),
('Mixer 1', 'mixer', 30000, 'other'),
('Mixer 2', 'mixer2', 30000, 'other'),
('Mule 1', 'mule', 40000, 'box'),
('Mule 2', 'mule2', 40000, 'box'),
('Mule 3', 'mule3', 40000, 'box'),
('Packer', 'packer', 100000, 'haul'),
('Festival Bus', 'pbus2', 125000, 'trans'),
('Phantom', 'phantom', 105000, 'haul'),
('Phantom Custom', 'phantom3', 110000, 'haul'),
('Pounder', 'pounder', 55000, 'box'),
('Rental Bus', 'rentalbus', 35000, 'trans'),
('Rubble', 'rubble', 30000, 'other'),
('Scrap Truck', 'scrap', 10000, 'other'),
('Tipper 1', 'tiptruck', 30000, 'other'),
('Tipper 2', 'tiptruck2', 30000, 'other'),
('Tour Bus', 'tourbus', 35000, 'trans'),
('Field Master', 'tractor2', 15000, 'other');

-- --------------------------------------------------------

--
-- Table structure for table `vs_truck_categories`
--

CREATE TABLE `vs_truck_categories` (
  `name` varchar(60) NOT NULL,
  `label` varchar(60) NOT NULL
) ENGINE=InnoDB DEFAULT CHARSET=utf8mb4;

--
-- Dumping data for table `vs_truck_categories`
--

INSERT INTO `vs_truck_categories` (`name`, `label`) VALUES
('box', 'Boxed Trucks'),
('haul', 'Haulers'),
('other', 'Other Trucks'),
('trans', 'Transport Trucks');

-- --------------------------------------------------------

--
-- Table structure for table `vs_vipboats`
--

CREATE TABLE `vs_vipboats` (
  `name` varchar(60) NOT NULL,
  `model` varchar(60) NOT NULL,
  `price` int(11) NOT NULL,
  `category` varchar(60) DEFAULT NULL
) ENGINE=InnoDB DEFAULT CHARSET=utf8mb4;

--
-- Dumping data for table `vs_vipboats`
--

INSERT INTO `vs_vipboats` (`name`, `model`, `price`, `category`) VALUES
('Tropic Yacht', 'tropic2', 27000, 'boats');

-- --------------------------------------------------------

--
-- Table structure for table `vs_vipboat_categories`
--

CREATE TABLE `vs_vipboat_categories` (
  `name` varchar(60) NOT NULL,
  `label` varchar(60) NOT NULL
) ENGINE=InnoDB DEFAULT CHARSET=utf8mb4;

--
-- Dumping data for table `vs_vipboat_categories`
--

INSERT INTO `vs_vipboat_categories` (`name`, `label`) VALUES
('boats', 'Boats');

-- --------------------------------------------------------

--
-- Table structure for table `vs_vips`
--

CREATE TABLE `vs_vips` (
  `name` varchar(60) NOT NULL,
  `model` varchar(60) NOT NULL,
  `price` int(11) NOT NULL,
  `category` varchar(60) DEFAULT NULL
) ENGINE=InnoDB DEFAULT CHARSET=utf8mb4;

--
-- Dumping data for table `vs_vips`
--

INSERT INTO `vs_vips` (`name`, `model`, `price`, `category`) VALUES
('Shotaro', 'shotaro', 30000, 'motorcycles');

-- --------------------------------------------------------

--
-- Table structure for table `vs_vip_categories`
--

CREATE TABLE `vs_vip_categories` (
  `name` varchar(60) NOT NULL,
  `label` varchar(60) NOT NULL
) ENGINE=InnoDB DEFAULT CHARSET=utf8mb4;

--
-- Dumping data for table `vs_vip_categories`
--

INSERT INTO `vs_vip_categories` (`name`, `label`) VALUES
('motorcycles', 'Motos');

-- --------------------------------------------------------

--
-- Table structure for table `weashops`
--

CREATE TABLE `weashops` (
  `id` int(11) NOT NULL,
  `zone` varchar(255) NOT NULL,
  `item` varchar(255) NOT NULL,
  `price` int(11) NOT NULL
) ENGINE=InnoDB DEFAULT CHARSET=utf8mb4;

--
-- Dumping data for table `weashops`
--

INSERT INTO `weashops` (`id`, `zone`, `item`, `price`) VALUES
(1, 'GunShop', 'WEAPON_PISTOL', 300),
(2, 'BlackWeashop', 'WEAPON_PISTOL', 500),
(3, 'GunShop', 'WEAPON_FLASHLIGHT', 60),
(4, 'BlackWeashop', 'WEAPON_FLASHLIGHT', 70),
(5, 'GunShop', 'WEAPON_MACHETE', 90),
(6, 'BlackWeashop', 'WEAPON_MACHETE', 110),
(7, 'GunShop', 'WEAPON_NIGHTSTICK', 150),
(8, 'BlackWeashop', 'WEAPON_NIGHTSTICK', 150),
(9, 'GunShop', 'WEAPON_BAT', 100),
(10, 'BlackWeashop', 'WEAPON_BAT', 100),
(11, 'GunShop', 'WEAPON_STUNGUN', 50),
(12, 'BlackWeashop', 'WEAPON_STUNGUN', 50),
(13, 'GunShop', 'WEAPON_MICROSMG', 1400),
(14, 'BlackWeashop', 'WEAPON_MICROSMG', 1700),
(15, 'GunShop', 'WEAPON_PUMPSHOTGUN', 3400),
(16, 'BlackWeashop', 'WEAPON_PUMPSHOTGUN', 3500),
(17, 'GunShop', 'WEAPON_ASSAULTRIFLE', 10000),
(18, 'BlackWeashop', 'WEAPON_ASSAULTRIFLE', 11000),
(19, 'GunShop', 'WEAPON_SPECIALCARBINE', 15000),
(20, 'BlackWeashop', 'WEAPON_SPECIALCARBINE', 16500),
(21, 'GunShop', 'WEAPON_SNIPERRIFLE', 22000),
(22, 'BlackWeashop', 'WEAPON_SNIPERRIFLE', 24000),
(23, 'GunShop', 'WEAPON_FIREWORK', 18000),
(24, 'BlackWeashop', 'WEAPON_FIREWORK', 20000),
(25, 'GunShop', 'WEAPON_GRENADE', 500),
(26, 'BlackWeashop', 'WEAPON_GRENADE', 650),
(27, 'GunShop', 'WEAPON_BZGAS', 200),
(28, 'BlackWeashop', 'WEAPON_BZGAS', 350),
(29, 'GunShop', 'WEAPON_FIREEXTINGUISHER', 100),
(30, 'BlackWeashop', 'WEAPON_FIREEXTINGUISHER', 100),
(31, 'GunShop', 'WEAPON_BALL', 50),
(32, 'BlackWeashop', 'WEAPON_BALL', 50),
(33, 'GunShop', 'WEAPON_SMOKEGRENADE', 100),
(34, 'BlackWeashop', 'WEAPON_SMOKEGRENADE', 100),
(35, 'BlackWeashop', 'WEAPON_APPISTOL', 1100),
(36, 'BlackWeashop', 'WEAPON_CARBINERIFLE', 12000),
(37, 'BlackWeashop', 'WEAPON_HEAVYSNIPER', 30000),
(38, 'BlackWeashop', 'WEAPON_MINIGUN', 45000),
(39, 'BlackWeashop', 'WEAPON_RAILGUN', 50000),
(40, 'BlackWeashop', 'WEAPON_STICKYBOMB', 500);

--
-- Indexes for dumped tables
--

--
-- Indexes for table `addon_account`
--
ALTER TABLE `addon_account`
  ADD PRIMARY KEY (`name`);

--
-- Indexes for table `addon_account_data`
--
ALTER TABLE `addon_account_data`
  ADD PRIMARY KEY (`id`),
  ADD UNIQUE KEY `index_addon_account_data_account_name_owner` (`account_name`,`owner`),
  ADD KEY `index_addon_account_data_account_name` (`account_name`);

--
-- Indexes for table `addon_inventory`
--
ALTER TABLE `addon_inventory`
  ADD PRIMARY KEY (`name`);

--
-- Indexes for table `addon_inventory_items`
--
ALTER TABLE `addon_inventory_items`
  ADD PRIMARY KEY (`id`),
  ADD KEY `index_addon_inventory_items_inventory_name_name` (`inventory_name`,`name`),
  ADD KEY `index_addon_inventory_items_inventory_name_name_owner` (`inventory_name`,`name`,`owner`),
  ADD KEY `index_addon_inventory_inventory_name` (`inventory_name`);

--
-- Indexes for table `billing`
--
ALTER TABLE `billing`
  ADD PRIMARY KEY (`id`);

--
-- Indexes for table `datastore`
--
ALTER TABLE `datastore`
  ADD PRIMARY KEY (`name`);

--
-- Indexes for table `datastore_data`
--
ALTER TABLE `datastore_data`
  ADD PRIMARY KEY (`id`),
  ADD UNIQUE KEY `index_datastore_data_name_owner` (`name`,`owner`),
  ADD KEY `index_datastore_data_name` (`name`);

--
-- Indexes for table `fine_types`
--
ALTER TABLE `fine_types`
  ADD PRIMARY KEY (`id`);

--
-- Indexes for table `items`
--
ALTER TABLE `items`
  ADD PRIMARY KEY (`name`);

--
-- Indexes for table `jobs`
--
ALTER TABLE `jobs`
  ADD PRIMARY KEY (`name`);

--
-- Indexes for table `job_grades`
--
ALTER TABLE `job_grades`
  ADD PRIMARY KEY (`id`);

--
-- Indexes for table `licenses`
--
ALTER TABLE `licenses`
  ADD PRIMARY KEY (`type`);

--
-- Indexes for table `owned_properties`
--
ALTER TABLE `owned_properties`
  ADD PRIMARY KEY (`id`);

--
-- Indexes for table `owned_vehicles`
--
ALTER TABLE `owned_vehicles`
  ADD PRIMARY KEY (`plate`);

--
-- Indexes for table `phone_app_chat`
--
ALTER TABLE `phone_app_chat`
  ADD PRIMARY KEY (`id`);

--
-- Indexes for table `phone_calls`
--
ALTER TABLE `phone_calls`
  ADD PRIMARY KEY (`id`);

--
-- Indexes for table `phone_messages`
--
ALTER TABLE `phone_messages`
  ADD PRIMARY KEY (`id`);

--
-- Indexes for table `phone_users_contacts`
--
ALTER TABLE `phone_users_contacts`
  ADD PRIMARY KEY (`id`);

--
-- Indexes for table `properties`
--
ALTER TABLE `properties`
  ADD PRIMARY KEY (`id`);

--
-- Indexes for table `shops`
--
ALTER TABLE `shops`
  ADD PRIMARY KEY (`id`);

--
-- Indexes for table `society_moneywash`
--
ALTER TABLE `society_moneywash`
  ADD PRIMARY KEY (`id`);

--
-- Indexes for table `trunk_inventory`
--
ALTER TABLE `trunk_inventory`
  ADD PRIMARY KEY (`id`),
  ADD UNIQUE KEY `plate` (`plate`);

--
-- Indexes for table `twitter_accounts`
--
ALTER TABLE `twitter_accounts`
  ADD PRIMARY KEY (`id`),
  ADD UNIQUE KEY `username` (`username`);

--
-- Indexes for table `twitter_likes`
--
ALTER TABLE `twitter_likes`
  ADD PRIMARY KEY (`id`),
  ADD KEY `FK_twitter_likes_twitter_accounts` (`authorId`),
  ADD KEY `FK_twitter_likes_twitter_tweets` (`tweetId`);

--
-- Indexes for table `twitter_tweets`
--
ALTER TABLE `twitter_tweets`
  ADD PRIMARY KEY (`id`),
  ADD KEY `FK_twitter_tweets_twitter_accounts` (`authorId`);

--
-- Indexes for table `users`
--
ALTER TABLE `users`
  ADD PRIMARY KEY (`identifier`);

--
-- Indexes for table `user_licenses`
--
ALTER TABLE `user_licenses`
  ADD PRIMARY KEY (`id`);

--
-- Indexes for table `vs_aircrafts`
--
ALTER TABLE `vs_aircrafts`
  ADD PRIMARY KEY (`model`);

--
-- Indexes for table `vs_aircraft_categories`
--
ALTER TABLE `vs_aircraft_categories`
  ADD PRIMARY KEY (`name`);

--
-- Indexes for table `vs_ambulance`
--
ALTER TABLE `vs_ambulance`
  ADD PRIMARY KEY (`id`);

--
-- Indexes for table `vs_ambulance_categories`
--
ALTER TABLE `vs_ambulance_categories`
  ADD PRIMARY KEY (`name`);

--
-- Indexes for table `vs_boats`
--
ALTER TABLE `vs_boats`
  ADD PRIMARY KEY (`model`);

--
-- Indexes for table `vs_boat_categories`
--
ALTER TABLE `vs_boat_categories`
  ADD PRIMARY KEY (`name`);

--
-- Indexes for table `vs_cars`
--
ALTER TABLE `vs_cars`
  ADD PRIMARY KEY (`model`);

--
-- Indexes for table `vs_car_categories`
--
ALTER TABLE `vs_car_categories`
  ADD PRIMARY KEY (`name`);

--
-- Indexes for table `vs_divisions`
--
ALTER TABLE `vs_divisions`
  ADD PRIMARY KEY (`id`);

--
-- Indexes for table `vs_division_categories`
--
ALTER TABLE `vs_division_categories`
  ADD PRIMARY KEY (`name`);

--
-- Indexes for table `vs_mecano`
--
ALTER TABLE `vs_mecano`
  ADD PRIMARY KEY (`id`);

--
-- Indexes for table `vs_mecano_categories`
--
ALTER TABLE `vs_mecano_categories`
  ADD PRIMARY KEY (`name`);

--
-- Indexes for table `vs_police`
--
ALTER TABLE `vs_police`
  ADD PRIMARY KEY (`id`);

--
-- Indexes for table `vs_police_categories`
--
ALTER TABLE `vs_police_categories`
  ADD PRIMARY KEY (`name`);

--
-- Indexes for table `vs_trucks`
--
ALTER TABLE `vs_trucks`
  ADD PRIMARY KEY (`model`);

--
-- Indexes for table `vs_truck_categories`
--
ALTER TABLE `vs_truck_categories`
  ADD PRIMARY KEY (`name`);

--
-- Indexes for table `vs_vipboats`
--
ALTER TABLE `vs_vipboats`
  ADD PRIMARY KEY (`model`);

--
-- Indexes for table `vs_vipboat_categories`
--
ALTER TABLE `vs_vipboat_categories`
  ADD PRIMARY KEY (`name`);

--
-- Indexes for table `vs_vips`
--
ALTER TABLE `vs_vips`
  ADD PRIMARY KEY (`model`);

--
-- Indexes for table `vs_vip_categories`
--
ALTER TABLE `vs_vip_categories`
  ADD PRIMARY KEY (`name`);

--
-- Indexes for table `weashops`
--
ALTER TABLE `weashops`
  ADD PRIMARY KEY (`id`);

--
-- AUTO_INCREMENT for dumped tables
--

--
-- AUTO_INCREMENT for table `addon_account_data`
--
ALTER TABLE `addon_account_data`
  MODIFY `id` int(11) NOT NULL AUTO_INCREMENT, AUTO_INCREMENT=11;

--
-- AUTO_INCREMENT for table `addon_inventory_items`
--
ALTER TABLE `addon_inventory_items`
  MODIFY `id` int(11) NOT NULL AUTO_INCREMENT;

--
-- AUTO_INCREMENT for table `billing`
--
ALTER TABLE `billing`
  MODIFY `id` int(11) NOT NULL AUTO_INCREMENT;

--
-- AUTO_INCREMENT for table `datastore_data`
--
ALTER TABLE `datastore_data`
  MODIFY `id` int(11) NOT NULL AUTO_INCREMENT, AUTO_INCREMENT=10;

--
-- AUTO_INCREMENT for table `fine_types`
--
ALTER TABLE `fine_types`
  MODIFY `id` int(11) NOT NULL AUTO_INCREMENT, AUTO_INCREMENT=53;

--
-- AUTO_INCREMENT for table `job_grades`
--
ALTER TABLE `job_grades`
  MODIFY `id` int(11) NOT NULL AUTO_INCREMENT, AUTO_INCREMENT=45;

--
-- AUTO_INCREMENT for table `owned_properties`
--
ALTER TABLE `owned_properties`
  MODIFY `id` int(11) NOT NULL AUTO_INCREMENT;

--
-- AUTO_INCREMENT for table `phone_app_chat`
--
ALTER TABLE `phone_app_chat`
  MODIFY `id` int(11) NOT NULL AUTO_INCREMENT, AUTO_INCREMENT=28;

--
-- AUTO_INCREMENT for table `phone_calls`
--
ALTER TABLE `phone_calls`
  MODIFY `id` int(11) NOT NULL AUTO_INCREMENT, AUTO_INCREMENT=122;

--
-- AUTO_INCREMENT for table `phone_messages`
--
ALTER TABLE `phone_messages`
  MODIFY `id` int(11) NOT NULL AUTO_INCREMENT, AUTO_INCREMENT=106;

--
-- AUTO_INCREMENT for table `phone_users_contacts`
--
ALTER TABLE `phone_users_contacts`
  MODIFY `id` int(11) NOT NULL AUTO_INCREMENT, AUTO_INCREMENT=7;

--
-- AUTO_INCREMENT for table `properties`
--
ALTER TABLE `properties`
  MODIFY `id` int(11) NOT NULL AUTO_INCREMENT, AUTO_INCREMENT=110;

--
-- AUTO_INCREMENT for table `shops`
--
ALTER TABLE `shops`
  MODIFY `id` int(11) NOT NULL AUTO_INCREMENT, AUTO_INCREMENT=10;

--
-- AUTO_INCREMENT for table `society_moneywash`
--
ALTER TABLE `society_moneywash`
  MODIFY `id` int(11) NOT NULL AUTO_INCREMENT;

--
-- AUTO_INCREMENT for table `trunk_inventory`
--
ALTER TABLE `trunk_inventory`
  MODIFY `id` int(11) NOT NULL AUTO_INCREMENT, AUTO_INCREMENT=11;

--
-- AUTO_INCREMENT for table `twitter_accounts`
--
ALTER TABLE `twitter_accounts`
  MODIFY `id` int(11) NOT NULL AUTO_INCREMENT, AUTO_INCREMENT=38;

--
-- AUTO_INCREMENT for table `twitter_likes`
--
ALTER TABLE `twitter_likes`
  MODIFY `id` int(11) NOT NULL AUTO_INCREMENT, AUTO_INCREMENT=137;

--
-- AUTO_INCREMENT for table `twitter_tweets`
--
ALTER TABLE `twitter_tweets`
  MODIFY `id` int(11) NOT NULL AUTO_INCREMENT, AUTO_INCREMENT=170;

--
-- AUTO_INCREMENT for table `user_licenses`
--
ALTER TABLE `user_licenses`
  MODIFY `id` int(11) NOT NULL AUTO_INCREMENT, AUTO_INCREMENT=3;

--
-- AUTO_INCREMENT for table `vs_ambulance`
--
ALTER TABLE `vs_ambulance`
  MODIFY `id` int(11) NOT NULL AUTO_INCREMENT, AUTO_INCREMENT=9;

--
-- AUTO_INCREMENT for table `vs_divisions`
--
ALTER TABLE `vs_divisions`
  MODIFY `id` int(11) NOT NULL AUTO_INCREMENT, AUTO_INCREMENT=2;

--
-- AUTO_INCREMENT for table `vs_mecano`
--
ALTER TABLE `vs_mecano`
  MODIFY `id` int(11) NOT NULL AUTO_INCREMENT, AUTO_INCREMENT=11;

--
-- AUTO_INCREMENT for table `vs_police`
--
ALTER TABLE `vs_police`
  MODIFY `id` int(11) NOT NULL AUTO_INCREMENT, AUTO_INCREMENT=11;

--
-- AUTO_INCREMENT for table `weashops`
--
ALTER TABLE `weashops`
  MODIFY `id` int(11) NOT NULL AUTO_INCREMENT, AUTO_INCREMENT=41;

--
-- Constraints for dumped tables
--

--
-- Constraints for table `twitter_likes`
--
ALTER TABLE `twitter_likes`
  ADD CONSTRAINT `FK_twitter_likes_twitter_accounts` FOREIGN KEY (`authorId`) REFERENCES `twitter_accounts` (`id`),
  ADD CONSTRAINT `FK_twitter_likes_twitter_tweets` FOREIGN KEY (`tweetId`) REFERENCES `twitter_tweets` (`id`) ON DELETE CASCADE;

--
-- Constraints for table `twitter_tweets`
--
ALTER TABLE `twitter_tweets`
  ADD CONSTRAINT `FK_twitter_tweets_twitter_accounts` FOREIGN KEY (`authorId`) REFERENCES `twitter_accounts` (`id`);
COMMIT;

--
-- Kashacters compatability
--
CREATE TABLE `user_lastcharacter` (
  `license` varchar(255) NOT NULL,
  `charid` int(11) NOT NULL
) ENGINE=InnoDB DEFAULT CHARSET=latin1;
COMMIT;
